95000,CERGY PONTOISE,FR,
0,INCONNUE,FR,
64140,LONS,FR,
95360,MONTMAGNY,FR,
0,INCONNUE,FR,
92200,NEUILLY-SUR-SEINE,FR,
78700,CONFLANS-SAINTE-HONORINE,FR,
75116,PARIS,FR,
0,INCONNUE,FR,
0,INCONNUE,FR,
95000,CERGY,FR,
92700,COLOMBES,FR,
31750,Escalquens,FR,
95220,HERBLAY,FR,
75009,PARIS,FR,
95100,ARGENTEUIL,FR,
78700,CONFLANS STE HONORINE,FR,
95000,NEUVILLE SUR OISE,FR,
0,INCONNUE,FR,
95490,VAUREAL,FR,
0,15 Avenue Farhat Hached 1001 Tunis,TN,
0,INCONNUE,FR,
87000,LIMOGES,FR,
88460,LA BAFFE,FR,
0,INCONNUE,FR,
0,INCONNUE,FR,
77115,SIVRY COURTRY,FR,
95800,CERGY St Christophe,FR,
95014,CERGY,FR,
93300,AUBERVILLIERS,FR,
92000,NANTERRE,FR,
64500,CIBOURE,FR,
95140,GARGES LES GONESSE,FR,
0,INCONNUE,FR,
0,INCONNUE,FR,
0,INCONNUE,FR,
47400,GONTAUD DE NOGARET,FR,
34000,MONTPELLIER,FR,
95560,MONTSOULT,FR,
64000,PAU,FR,
95000,CERGY,FR,
95000,CERGY,FR,
0,INCONNUE,FR,
0,INCONNUE,FR,
95800,COURDIMANCHE,FR,
95160,MONTMORENCY,FR,
75015,PARIS,FR,
64140,LONS,FR,
92190,MEUDON,FR,
64000,PAU,FR,
95130,FRANCONVILLE,FR,
64200,BASSUSSARRY,FR,
0,INCONNUE,FR,
95160,Montmorency,FR,
0,INCONNUE,FR,
0,INCONNUE,FR,
0,Choix,FR,
94200,IVRY SUR SEINE,FR,
0,INCONNUE,FR,
95000,CERGY,FR,
45240,SENNELY,FR,
95490,VAUREAL,FR,
94400,VITRY SUR SEINE,FR,
95300,PONTOISE,FR,
92190,MEUDON,FR,
0,INCONNUE,FR,
92110,CLICHY,FR,
93100,MONTREUIL,FR,
0,INCONNUE,FR,
31600,MURET,FR,
64140,LONS,FR,
0,INCONNUE,FR,
78540,VERNOUILLET,FR,
95000,CERGY,FR,
95000,CERGY,FR,
37927,TOURS CEDEX 9,FR,
0,INCONNUE,FR,
93000,BOBIGNY,FR,
72110,BEAUFAY,FR,
60200,Compiegne,FR,
78000,VERSAILLES,FR,
95310,ST OUEN L AUMONE,FR,
0,INCONNUE,FR,
95120,ERMONT,FR,
78680,EPONE,FR,
95800,CERGY LE HAUT,FR,
0,INCONNUE,FR,
0,INCONNUE,FR,
91370,VERRIERES LE BUISSON,FR,
33530,BASSENS,FR,
94120,FONTENAY SOUS BOIS,FR,
95280,Jouy-le-Moutier,FR,
95100,ARGENTEUIL,FR,
95000,CERGY,FR,
0,INCONNUE,FR,
0,INCONNUE,FR,
0,INCONNUE,FR,
0,INCONNUE,FR,
6200,Nice,FR,
95000,Cergy,FR,
95300,PONTOISE,FR,
31310,Montbrun-bocage,FR,
78955,CARRIERES SOUS POISSY,FR,
78500,SARTROUVILLE,FR,
95220,HERBLAY,FR,
83600,FREJUS,FR,
95310,ST OUEN L'AUMONE,FR,
95220,HERBLAY,FR,
95540,MERY SUR OISE,FR,
59230,ST AMAND LES EAUX,FR,
0,INCONNUE,FR,
64000,Pau,FR,
95420,MAGNY EN VEXIN,FR,
64230,DENGUIN,FR,
60570,ANDEVILLE,FR,
0,INCONNUE,FR,
95000,Cergy,FR,
95880,ENGHIEN LES BAINS,FR,
91100,VILLAB�,FR,
0,INCONNUE,FR,
95330,DOMONT,FR,
95100,ARGENTEUIL,FR,
0,Hong Kong,HK,
95100,ARGENTEUIL,FR,
95800,CERGY ST CHRISTOPHE,FR,
64320,LEE,FR,
95000,CERGY,FR,
78500,SARTROUVILLE,FR,
64000,PAU,FR,
78500,SARTROUVILLE,FR,
75011,PARIS,FR,
0,Changsha City, Hunan Province,81357656
56500,Locmin�,FR,
0,INCONNUE,FR,
94700,MAISONS ALFORT,FR,
0,INCONNUE,FR,
78500,Sartrouville,FR,
0,INCONNUE,FR,
0,INCONNUE,FR,
95520,OSNY,FR,
89000,SAINT-GEORGES-SUR-BAULCHE,FR,
92230,GENNEVILLIERS,FR,
0,INCONNUE,FR,
94120,FONTENAY SOUS BOIS,FR,
0,INCONNUE,FR,
64140,Bill�re,FR,
78190,TRAPPES,FR,
0,SAINT ANDRE,RE,
78580,JUMEAUVILLE,FR,
78000,VERSAILLES,FR,
95550,BESSANCOURT,FR,
78530,BUC,FR,
92800,PUTEAUX,FR,
95800,Cergy,FR,
78720,LA CELLE LES BORDES,FR,
75012,PARIS,FR,
33710,SAINT TROJAN,FR,
33160,SAINT-MEDARD-EN-JALLES,FR,
74230,THONES,FR,
0,INCONNUE,FR,
69600,OULLINS,FR,
77670,SAINT-MAMMES,FR,
0,INCONNUE,FR,
95450,US,FR,
29140,ROSPORDEN,FR,
92240,MALAKOFF,FR,
95800,CERGY ST CHRISTOPHE,FR,
33550,LE TOURNE,FR,
95430,AUVERS SUR OISE,FR,
92100,BOULOGNE-BILLANCOURT,FR,
0,INCONNUE,FR,
59239,THUMERIES,FR,
95300,PONTOISE,FR,
95800,COURDIMANCHE,FR,
92150,SURESNES,FR,
0,INCONNUE,FR,
81100,Castres,FR,
95000,CERGY,FR,
64000,PAU,FR,
0,INCONNUE,FR,
92500,RUEIL MALMAISON,FR,
78200,BUCHELAY,FR,
64000,PAU,FR,
95000,CERGY,FR,
95000,CERGY,FR,
95000,CERGY,FR,
0,INCONNUE,FR,
68740,MUNCHHOUSE,FR,
94700,MAISONS-ALFORT,FR,
64000,PAU,FR,
75020,PARIS 20EME ARRONDISSEMENT,FR,
95520,OSNY,FR,
92270,BOIS COLOMBES,FR,
75116,PARIS,FR,
94700,MAISONS ALFORT,FR,
95490,VAUREAL,FR,
95800,CERGY LE HAUT,FR,
91090,LISSES,FR,
64000,Pau,FR,
0,INCONNUE,FR,
95300,PONTOISE,FR,
95220,HERBLAY,FR,
95130,FRANCONVILLE,FR,
37390,NOTRE-DAME-D'OE,FR,
77600,BUSSY SAINT GEORGES,FR,
95000,CERGY,FR,
0,INCONNUE,FR,
31300,TOULOUSE,FR,
0,INCONNUE,FR,
91160,LONGJUMEAU,FR,
95300,Pontoise,FR,
95220,HERBLAY,FR,
95000,CERGY,FR,
0,INCONNUE,FR,
95011,CERGY,FR,
95800,Cergy St Christophe,FR,
31300,TOULOUSE,FR,
91300,MASSY,FR,
95280,JOUY LE MOUTIER,FR,
64000,PAU,FR,
45160,OLIVET,FR,
92300,LEVALLOIS PERRET,FR,
64290,BOSDARROS,FR,
83270,SAINT CYR SUR MER,FR,
94000,CRETEIL,FR,
91000,EVRY,FR,
92600,ASNIERES,FR,
95120,ERMONT,FR,
75015,PARIS, 15E ARRONDISSEMENT,96756431
95014,CERGY CEDEX,FR,
75015,PARIS,FR,
78100,Saint Germain En Laye,FR,
0,INCONNUE,FR,
94550,CHEVILLY LARUE,FR,
0,INCONNUE,FR,
95300,PONTOISE,FR,
60240,FRESNEAUX-MONTCHEVREUIL,FR,
95300,ENNERY,FR,
95420,ST GERVAIS,FR,
64100,Bayonne,FR,
78420,CARRIERES-SUR-SEINE,FR,
95560,BAILLET-EN-FRANCE,FR,
0,INCONNUE,FR,
95430,AUVERS-SUR-OISE,FR,
95130,FRANCONVILLE,FR,
64000,PAU,FR,
66740,Saint G�nis Des Fontaines,FR,
0,INCONNUE,FR,
0,INCONNUE,FR,
33000,Bordeaux,FR,
95320,ST LEU LA FORET,FR,
95000,Cergy,FR,
95014,CERGY PONTOISE,FR,
64450,NAVAILLES-ANGOS,FR,
0,INCONNUE,FR,
64000,PAU,FR,
21200,BOUZE LES BEAUNE,FR,
0,INCONNUE,FR,
64110,GELOS,FR,
95280,JOUY LE MOUTIER,FR,
95000,Cergy,FR,
0,INCONNUE,FR,
0,INCONNUE,FR,
64121,SERRES-CASTET,FR,
2400,BEZU SAINT GERMAIN,FR,
0,INCONNUE,FR,
64420,SOUMOULOU,FR,
95000,BOISEMONT,FR,
0,INCONNUE,FR,
0,INCONNUE,FR,
95000,CERGY,FR,
95000,CERGY,FR,
95000,CERGY,FR,
0,INCONNUE,FR,
75116,PARIS,FR,
95280,Jouy le Moutier,FR,
60560,Orry-la-ville,FR,
95000,Cergy,FR,
0,INCONNUE,FR,
0,INCONNUE,FR,
0,INCONNUE,FR,
95000,CERGY,FR,
95300,Pontoise,FR,
95000,CERGY,FR,
92000,NANTERRE,FR,
78600,MAISONS LAFFITTE,FR,
64000,PAU,FR,
95000,CERGY,FR,
0,INCONNUE,FR,
75014,PARIS,FR,
0,INCONNUE,FR,
60520,LA CHAPELLE EN SERVAL,FR,
95640,MARINES,FR,
31500,Toulouse,FR,
75006,PARIS 06EME ARRONDISSEMENT,FR,
78600,LE MESNIL LE ROI,FR,
82600,VERDUN SUR GARONNE,FR,
0,INCONNUE,FR,
78670,MEDAN,FR,
75016,PARIS,FR,
18400,SAINT CAPRAIS,FR,
78520,LIMAY,FR,
95000,CERGY VILLAGE,FR,
92400,COURBEVOIE,FR,
64000,PAU,FR,
92500,RUEIL MALMAISON,FR,
95160,MONTMORENCY,FR,
47310,Moncaut,FR,
0,INCONNUE,FR,
92150,SURESNES,FR,
78210,ST CYR L ECOLE,FR,
31400,TOULOUSE,FR,
94000,Creteil,FR,
78700,CONFLANS STE HONORIN,FR,
64000,PAU,FR,
0,INCONNUE,FR,
82140,CAZALS,FR,
95520,OSNY,FR,
95800,CERGY,FR,
75019,PARIS,FR,
64510,BORDES,FR,
0,INCONNUE,FR,
64230,POEY DE LESCAR,FR,
0,INCONNUE,FR,
0,INCONNUE,FR,
75010,PARIS,FR,
0,INCONNUE,FR,
78490,MONTFORT L'AMAURY,FR,
0,INCONNUE,FR,
0,INCONNUE,FR,
95014,CERGY CEDEX,FR,
54180,HOUDEMONT,FR,
92100,BOULOGNE BILLANCOURT,FR,
94340,JOINVILLE-LE-PONT,FR,
0,INCONNUE,FR,
0,INCONNUE,FR,
95000,CERGY,FR,
95000,NEUVILLE-SUR-OISE,FR,
78600,MESNIL LE ROI,FR,
21110,ROUVRES EN PLAINE,FR,
77680,ROISSY EN BRIE,FR,
13190,ALLAUCH,FR,
64230,Sauvagnon,FR,
0,INCONNUE,FR,
0,INCONNUE,FR,
75015,PARIS,FR,
95490,VAUR�AL,FR,
89400,Bassou,FR,
62149,CAMBRIN,FR,
95290,L'ISLE-ADAM,FR,
64000,PAU,FR,
35650,LE RHEU,FR,
0,INCONNUE,FR,
95640,SANTEUIL,FR,
64000,PAU,FR,
0,INCONNUE,FR,
64000,PAU,FR,
95310,SAINT OUEN L'AUMONE,FR,
95130,FRANCONVILLE,FR,
31450,FOURQUEVAUX,FR,
95000,CERGY,FR,
34200,S�te,FR,
33110,LE BOUSCAT,FR,
77173,CHEVRY COSSIGNY,FR,
64000,PAU,FR,
95100,ARGENTEUIL,FR,
95000,CERGY,FR,
75015,PARIS,FR,
95000,CERGY,FR,
85000,LA ROCHE-SUR-YON,FR,
95280,JOUY-LE-MOUTIER,FR,
64000,PAU,FR,
78700,CONFLANS-SAINTE-HONORINE,FR,
95330,Domont,FR,
13015,MARSEILLLE,FR,
0,INCONNUE,FR,
59690,VIEUX CONDE,FR,
75006,PARIS 06EME ARRONDISSEMENT,FR,
64000,PAU,FR,
6200,NICE,FR,
0,INCONNUE,FR,
95000,CERGY,FR,
95120,ERMONT,FR,
75020,PARIS,FR,
75012,PARIS,FR,
92400,Courbevoie,FR,
0,INCONNUE,FR,
0,INCONNUE,FR,
0,INCONNUE,FR,
95000,CERGY,FR,
78260,ACHERES,FR,
13011,MARSEILLE,FR,
95540,MERY SUR OISE,FR,
0,INCONNUE,FR,
31320,CASTANET TOLOSAN,FR,
64000,PAU,FR,
0,INCONNUE,FR,
95610,ERAGNY SUR OISE,FR,
78580,BAZEMONT,FR,
60117,VEZ,FR,
0,INCONNUE,FR,
95170,DEUIL,FR,
94510,LA QUEUE EN BRIE,FR,
0,INCONNUE,FR,
78480,VERNEUIL SUR SEINE,FR,
95000,CERGY,FR,
95150,TAVERNY,FR,
64000,PAU,FR,
0,INCONNUE,FR,
64320,IDRON,FR,
78230,LE PECQ,FR,
78000,VERSAILLES,FR,
92200,NEUILLY-SUR-SEINE,FR,
75012,PARIS,FR,
0,INCONNUE,FR,
75015,Paris,FR,
95260,BEAUMONT SUR OISE,FR,
93200,ST DENIS,FR,
95000,CERGY,FR,
0,INCONNUE,IT,
92110,CLICHY,FR,
95000,CERGY,FR,
95000,CERGY,FR,
95000,NEUVILLE SUR OISE,FR,
78220,VIROFLAY,FR,
95000,CERGY,FR,
27140,GISORS,FR,
0,INCONNUE,FR,
0,INCONNUE,FR,
92000,NANTERRE,FR,
64100,BAYONNE,FR,
92700,COLOMBES,FR,
83400,HYERES,FR,
78121,CRESPIERES,FR,
65100,LOURDES,FR,
95800,CERGY,FR,
92700,COLOMBES,FR,
78700,CONFLANS STE HONORINE,FR,
95800,CERGY SAINT CHRISTOPHE,FR,
93800,EPINAY SUR SEINE,FR,
0,Abidjan,CI,
95000,Cergy,FR,
60110,MERU,FR,
95000,CERGY,FR,
95000,CERGY,FR,
91300,MASSY,FR,
77400,POMPONNE,FR,
69270,FONTAINES SAINT MARTIN,FR,
95800,CERGY,FR,
0,INCONNUE,FR,
91160,LONGJUMEAU,FR,
0,INCONNUE,FR,
0,RADES,TN,
75005,PARIS,FR,
95014,CERGY PONTOISE CEDEX,FR,
0,INCONNUE,FR,
0,INCONNUE,FR,
78210,SANT CYR L'ECOLE,FR,
22700,ST QUAY PERROS,FR,
94210,SAINT MAUR DES FOSS�S,FR,
60280,MARGNY LES COMPIEGNE,FR,
95450,CONDECOURT,FR,
92330,SCEAUX,FR,
95000,CERGY,FR,
64700,HENDAYE,FR,
92150,SURESNES,FR,
0,INCONNUE,FR,
92160,ANTONY,FR,
67120,ERNOLSHEIM BRUCHE,FR,
95430,AUVERS SUR OISE,FR,
13600,LA CIOTAT,FR,
0,78430,FR,
95000,CERGY,FR,
78130,LES MUREAUX,FR,
91200,ATHIS-MONS,FR,
0,La Marsa,TN,
94300,VINCENNES,FR,
95290,L'ISLE ADAM,FR,
0,INCONNUE,FR,
0,INCONNUE,FR,
77133,FERICY,FR,
64000,PAU,FR,
95000,PORT CERGY,FR,
64000,PAU,FR,
95160,MONTMORENCY,FR,
78240,CHAMBOURCY,FR,
0,INCONNUE,FR,
95560,MAFFLIERS,FR,
95801,CERGY ST CHRISTOPHE,FR,
75004,PARIS 4EME ARRONDISSEMENT,FR,
92001,NANTERRE CEDEX,FR,
64000,PAU,FR,
75015,PARIS,FR,
92500,RUEIL MALMAISON,FR,
95000,CERGY,FR,
95110,SANNOIS,FR,
95280,JOUY LE MOUTIER,FR,
0,INCONNUE,FR,
95000,CERGY,FR,
64320,BIZANOS,FR,
6530,PEYMEINADE,FR,
0,INCONNUE,FR,
0,INCONNUE,FR,
62660,BEUVRY,FR,
95400,ARNOUVILLE,FR,
78570,ANDRESY,FR,
95110,SANNOIS,FR,
93800,EPINAY SUR SEINE,FR,
75017,PARIS,FR,
0,INCONNUE,FR,
95000,CERGY,FR,
64121,MONTARDON,FR,
0,INCONNUE,FR,
95870,BEZONS,FR,
77600,BUSSY ST GEORGES,FR,
75012,PARIS,FR,
95300,PONTOISE,FR,
95250,BEAUCHAMP,FR,
95000,CERGY,FR,
59170,CROIX,FR,
0,INCONNUE,FR,
0,INCONNUE,FR,
75017,PARIS,FR,
77700,COUPVRAY,FR,
93140,BONDY,FR,
78130,LES MUREAUX,FR,
64100,BAYONNE,FR,
75012,PARIS,FR,
75017,PARIS 17EME ARRONDISSEMENT,FR,
64000,PAU,FR,
38320,POISAT,FR,
95000,CERGY,FR,
0,INCONNUE,FR,
92700,COLOMBES,FR,
95000,CERGY,FR,
0,INCONNUE,FR,
64000,PAU,FR,
69008,LYON,FR,
75017,PARIS,FR,
77600,BUSSY ST GEORGES,FR,
95000,CERGY,FR,
64000,PAU,FR,
94510,LA QUEUE EN BRIE,FR,
29560,TREGARVAN,FR,
64230,POEY DE LESCAR,FR,
0,INCONNUE,FR,
0,INCONNUE,FR,
94130,NOGENT SUR MARNE,FR,
95000,CERGY,FR,
95000,CERGY,FR,
75017,PARIS,FR,
38000,GRENOBLE,FR,
75006,PARIS,FR,
95014,CERGY,FR,
0,INCONNUE,FR,
95490,VAUREAL,FR,
0,Bangalore,IN,
78100,ST GERMAIN EN LAYE,FR,
95000,CERGY,FR,
64000,PAU,FR,
0,INCONNUE,FR,
33600,PESSAC,FR,
0,INCONNUE,FR,
95230,SOISY SOUS MONTMORENCY,FR,
64230,LESCAR,FR,
0,INCONNUE,FR,
95271,CHAUMONTEL,FR,
95000,CERGY,FR,
64000,PAU,FR,
95011,CERGY,FR,
95520,OSNY,FR,
0,INCONNUE,FR,
64260,ISESTE,FR,
64320,Aressy,FR,
64000,PAU,FR,
0,INCONNUE,FR,
72000,Le Mans,FR,
95000,CERGY,FR,
0,INCONNUE,FR,
78860,SAINT NOM LA BRETECHE,FR,
78,SARTROUVILLE,FR,
95000,CERGY,FR,
61400,MORTAGNE AU PERCHE,FR,
78960,VOISINS LE BRETONNEUX,FR,
95000,CERGY,FR,
64420,ESPOEY,FR,
92160,ANTONY,FR,
64000,PAU,FR,
74570,THORENS GLIERES,FR,
62520,LE TOUQUET,FR,
95300,PONTOISE,FR,
78700,CONFLANS STE HONORINE,FR,
95450,LONGUESSE,FR,
0,INCONNUE,FR,
95220,HERBLAY,FR,
0,INCONNUE,FR,
64000,PAU,FR,
95300,PONTOISE,FR,
0,Saint-Denis,RE,
0,INCONNUE,FR,
0,INCONNUE,FR,
95800,COURDIMANCHE,FR,
31520,RAMONVILLE-SAINT-AGNE,FR,
78600,LE MESNIL-LE-ROI,FR,
93140,BONDY,FR,
0,INCONNUE,FR,
78500,SARTROUVILLE,FR,
0,INCONNUE,FR,
95014,CERGY Cedex,FR,
28380,ST REMY SUR AVRE,FR,
95320,SAINT-LEU-LA-FOR�T,FR,
95800,COURDIMANCHE,FR,
60530,LE MESNIL-EN-THELLE,FR,
77176,NANDY,FR,
0,INCONNUE,FR,
78230,LE PECQ,FR,
0,Takarazuka,JP,
0,ABU DHABI,AE,
0,INCONNUE,FR,
78800,HOUILLES,FR,
22360,LANGUEUX,FR,
0,INCONNUE,FR,
0,INCONNUE,FR,
64000,PAU,FR,
0,INCONNUE,FR,
64000,PAU,FR,
0,INCONNUE,FR,
13200,ARLES,FR,
95000,CERGY,FR,
21000,DIJON,FR,
0,INCONNUE,FR,
0,INCONNUE,FR,
95000,CERGY,FR,
95310,ST OUEN L'AUMONE,FR,
26500,BOURG LES VALENCE,FR,
95000,CERGY,FR,
0,WINTERTHUR,CH,
64160,BERNADETS,FR,
95000,CERGY,FR,
0,escalier 1,FR,
78130,LES MUREAUX,FR,
95600,EAUBONNE,FR,
64000,PAU,FR,
93360,NEUILLY PLAISANCE,FR,
95390,ST PRIX,FR,
95490,VAUREAL,FR,
95000,CERGY,FR,
94350,VILLIERS SUR MARNE,FR,
89400,CHICHERY,FR,
0,INCONNUE,FR,
94000,CRETEIL,FR,
95000,Cergy,FR,
0,INCONNUE,FR,
94450,LIMEIL BREVANNES,FR,
97411,SAINT-PAUL,FR,
94200,IVRY SUR SEINE,FR,
0,INCONNUE,FR,
0,INCONNUE,FR,
31320,PECHABOU,FR,
0,INCONNUE,FR,
75017,PARIS 17EME ARRONDISSEMENT,FR,
0,INCONNUE,FR,
78600,MAISONS LAFFITTE,FR,
95000,CERGY,FR,
0,INCONNUE,FR,
17250,Saint Porchaire,FR,
0,INCONNUE,FR,
95120,ERMONT,FR,
64000,PAU,FR,
95000,CERGY,FR,
78400,CHATOU,FR,
64170,AUD�JOS,FR,
0,INCONNUE,FR,
75020,PARIS,FR,
31200,TOULOUSE,FR,
95440,ECOUEN,FR,
95470,FOSSES,FR,
92400,COURBEVOIE,FR,
95800,CERGY,FR,
40200,TARNOS,FR,
33130,BEGLES,FR,
0,INCONNUE,FR,
77200,TORCY,FR,
59270,Bailleul,FR,
89210,Brienon,FR,
89210,BRIENON-SUR-ARMANCON,FR,
0,INCONNUE,FR,
78000,VERSAILLES,FR,
0,INCONNUE,FR,
92500,RUEIL-MALMAISON,FR,
95000,Cergy,FR,
0,INCONNUE,FR,
0,INCONNUE,FR,
95630,MERIEL,FR,
64140,BILLERE,FR,
0,INCONNUE,FR,
78500,Sartrouville,FR,
64000,PAU,FR,
95490,VAUREAL,FR,
95000,CERGY,FR,
33140,VILLENAVE D'ORNON,FR,
95000,CERGY,FR,
95280,JOUY LE MOUTIER,FR,
95100,ARGENTEUIIL,FR,
78600,MAISONS LAFFITTE,FR,
0,INCONNUE,FR,
75010,PARIS 10EME ARRONDISSEMENT,FR,
95000,CERGY,FR,
95000,CERGY,FR,
38100,GRENOBLE,FR,
93130,NOISY LE SEC,FR,
29200,BREST,FR,
64140,LONS,FR,
78100,ST GERMAIN EN LAYE,FR,
94510,LA QUEUE EN BRIE,FR,
64000,PAU,FR,
92500,RUEIL-MALMAISON,FR,
95200,SARCELLES,FR,
75013,PARIS,FR,
0,INCONNUE,FR,
92370,CHAVILLE,FR,
95000,CERGY,FR,
0,INCONNUE,FR,
63100,Puy de D�me,FR,
0,INCONNUE,FR,
0,INCONNUE,FR,
92000,NANTERRE,FR,
95300,PONTOISE,FR,
91140,VILLEBON S/ YVETTE,FR,
94700,MAISONS ALFORT,FR,
95660,CHAMPAGNE SUR OISE,FR,
78955,CARRIERES S/POISSY,FR,
94200,YVRY SUR SEINE,FR,
95800,CERGY LE HAUT,FR,
92500,RUEIL-MALMAISON,FR,
75015,PARIS,FR,
0,INCONNUE,FR,
0,INCONNUE,FR,
95800,COURDIMANCHE,FR,
95000,Cergy,FR,
93160,NOISY-LE-GRAND,FR,
0,INCONNUE,FR,
0,INCONNUE,FR,
95000,CERGY,FR,
64000,Pau,FR,
94450,LIMEIL BR�VANNES,FR,
0,INCONNUE,FR,
94440,SANTENY,FR,
0,INCONNUE,FR,
95110,SANNOIS,FR,
95110,SANNOIS,FR,
64000,Pau,FR,
95800,CERGY ST CHRISTOPHE,FR,
92700,COLOMBES,FR,
95000,CERGY,FR,
0,INCONNUE,FR,
0,INCONNUE,FR,
95520,OSNY,FR,
95520,osny,FR,
92120,MONTROUGE,FR,
95000,CERGY,FR,
95210,ST GRATIEN,FR,
0,INCONNUE,FR,
64000,PAU,FR,
94000,CRETEIL,FR,
94230,CACHAN,FR,
91000,EVRY,FR,
95310,SAINT OUEN L'AUM�NE,FR,
0,INCONNUE,FR,
0,INCONNUE,FR,
0,INCONNUE,FR,
95210,SAINT GRATIEN,FR,
91370,VERRIERES LE BUISSON,FR,
78450,VILLEPREUX,FR,
95000,CERGY,FR,
91370,VERRIERES LE BUISSON,FR,
95490,VAUREAL,FR,
95880,ENGHIEN LES BAINS,FR,
0,INCONNUE,FR,
91940,LES ULIS,FR,
94510,LA QUEUE EN BRIE,FR,
93160,NOISY LE GRAND,FR,
78110,LE V�SINET,FR,
95310,SAINT OUEN L'AUM�NE,FR,
75020,PARIS 20EME ARRONDISSEMENT,FR,
94510,LA QUEUE EN BRIE,FR,
95000,CERGY,FR,
93100,MONTREUIL,FR,
95800,CERGY,FR,
13670,SAINT ANDIOL,FR,
75019,Paris,FR,
95310,ST OUEN L AUMONE,FR,
95800,COURDIMANCHE,FR,
93600,AULNAY-SOUS-BOIS,FR,
95800,CERGY,FR,
95310,SAINT-OUEN-L'AUMONE,FR,
0,HO CHI MINH VILLE,VN,
78570,CHANTELOUP LES VIGNES,FR,
0,INCONNUE,FR,
95490,VAUREAL,FR,
95000,CERGY,FR,
77600,BUSSY SAINT GEORGES,FR,
95490,VAUREAL,FR,
75019,PARIS,FR,
64000,PAU,FR,
13009,MARSEILLE,FR,
64140,LONS,FR,
95800,CERGY,FR,
64000,Pau,FR,
75116,Paris,FR,
83470,ST MAXIMIN LA STE BAUME,FR,
77400,LAGNY SUR MARNE,FR,
75003,PARIS 03EME ARRONDISSEMENT,FR,
13010,MARSEILLE,FR,
95000,CERGY,FR,
95000,CERGY,FR,
0,INCONNUE,FR,
64000,PAU,FR,
92600,ASNIERES SUR SEINE,FR,
0,75002,FR,
95490,Vaureal,FR,
94120,FONTENAY SOUS BOIS,FR,
92300,Levallois,FR,
95000,Cergy,FR,
78990,ELANCOURT,FR,
0,INCONNUE,FR,
95800,CERGY SAINT CHRISTOPHE,FR,
95000,CERGY,FR,
29200,BREST,FR,
64000,PAU,FR,
92260,FONTENAY AUX ROSES,FR,
0,INCONNUE,FR,
95100,ARGENTEUIIL,FR,
31320,AUZEVILLE-TOLOSANE,FR,
73450,VALMEINIER,FR,
0,INCONNUE,FR,
75016,PARIS,FR,
94170,LE PERREUX,FR,
94120,FONTENAY SOUS BOIS,FR,
77580,CRECY LA CHAPELLE,FR,
78000,VERSAILLES,FR,
78460,CHEVREUSE,FR,
0,INCONNUE,FR,
95660,CHAMPAGNE SUR OISE,FR,
33200,BORDEAUX,FR,
78124,MAREIL SUR MAULDRE,FR,
0,INCONNUE,FR,
71100,SEVREY,FR,
75012,PARIS 12EME ARRONDISSEMENT,FR,
95800,COURDIMANCHE,FR,
45200,MONTARGIS,FR,
95610,ERAGNY,FR,
64160,BUROS,FR,
78140,VELIZY,FR,
0,INCONNUE,FR,
80480,BACOU�L/SELLE,FR,
33200,Bordeaux,FR,
13100,AIX EN PROVENCE,FR,
0,INCONNUE,FR,
64320,IDRON,FR,
78590,NOISY-LE-ROI,FR,
59700,Lille,FR,
75018,PARIS,FR,
64000,PAU,FR,
0,Choix,FR,
17137,NIEUL SUR MER,FR,
95000,CERGY,FR,
95000,CERGY,FR,
95540,MERY-SUR-OISE,FR,
95300,PONTOISE,FR,
64000,PAU,FR,
92100,BOULOGNE BILLANCOURT,FR,
95000,CERGY VILLAGE,FR,
64121,MONTARDON,FR,
13170,Les Pennes Mirabeau,FR,
92200,NEUILLY SUR SEINE,FR,
95014,INCONNUE,FR,
64500,CIBOURE,FR,
64000,PAU,FR,
64000,Pau,FR,
31100,toulouse,FR,
91310,MONTLHERY,FR,
92250,LA GARENNE COLOMBES,FR,
34670,BAILLARGUES,FR,
91120,PALAISEAU,FR,
78600,LE MESNIL LE ROI,FR,
64000,PAU,FR,
95000,NEUVILLE SUR OISE,FR,
0,INCONNUE,FR,
75020,PARIS,FR,
92400,Courbevoie,FR,
92600,ASNIERES SUR SEINE,FR,
69003,LYON,FR,
95450,ABLEIGES,FR,
0,INCONNUE,FR,
95000,CERGY,FR,
94800,VILLEJUIF,FR,
92250,LA GARENNE COLOMBES,FR,
78500,SARTROUVILLE,FR,
75019,Paris,FR,
95490,VAUR�AL,FR,
95800,Cergy,FR,
0,MEKNES,MA,
67000,STRASBOURG,FR,
0,Edinburgh,GB,
95800,CERGY LE HAUT,FR,
0,Choix,FR,
93800,EPINAY SUR SEINE,FR,
0,INCONNUE,FR,
0,INCONNUE,FR,
95430,AUVERS SUR OISE,FR,
95100,ARGENTEUIL,FR,
92300,LEVALLOIS,FR,
93110,ROSNY SOUS BOIS,FR,
95100,Argenteuil,FR,
0,INCONNUE,FR,
92400,COURBEVOIE,FR,
54750,TIEUX,FR,
64000,PAU,FR,
64400,OLORON SAINTE MARIE,FR,
0,INCONNUE,FR,
0,INCONNUE,FR,
33400,TALENCE,FR,
64000,PAU,FR,
75014,PARIS,FR,
75010,PARIS,FR,
95100,ARGENTEUIL,FR,
92220,BAGNEUX,FR,
92763,ANTONY CEDEX,FR,
95800,CERGY ST C,FR,
0,INCONNUE,FR,
93350,Le Bourget,FR,
95800,Cergy,FR,
95000,CERGY,FR,
0,INCONNUE,FR,
76230,BOIS GUILLAUME,FR,
76840,HENOUVILLE,FR,
24450,SBATA BEN M'SIK SIDI OTHMANE MAROC,FR,
0,INCONNUE,FR,
92320,CHATILLON,FR,
95150,TAVERNY,FR,
78430,LOUVECIENNES,FR,
78510,TRIEL SUR SEINE,FR,
75005,PARIS,FR,
31490,LEGUEVIN,FR,
0,INCONNUE,FR,
0,INCONNUE,FR,
31300,TOULOUSE,FR,
42160,ANDREZIEUX-BOUTHEON,FR,
0,INCONNUE,FR,
64290,GAN,FR,
0,INCONNUE,FR,
0,INCONNUE,FR,
0,INCONNUE,FR,
0,INCONNUE,FR,
95370,MONTIGNY LES CORMEILLES,FR,
92130,ISSY LES MOULINEAUX,FR,
0,INCONNUE,FR,
33127,Saint jean d'illac,FR,
0,nanjing,CN,
0,Hangzhou,CN,
95800,CERGY,FR,
17580,LE BOIS PLAGE,FR,
0,INCONNUE,FR,
0,INCONNUE,FR,
91140,VILLEBON SUR YVETTE,FR,
78260,ACHERES,FR,
95520,OSNY,FR,
79260,LA CRECHE,FR,
92500,RUEIL-MALMAISON,FR,
0,COTONOU,BJ,
0,INCONNUE,FR,
78550,HOUDAN,FR,
95610,ERAGNY,FR,
64000,PAU,FR,
64000,PAU,FR,
64000,PAU,FR,
78380,BOUGIVAL,FR,
95000,NEUVILLE SUR OISE,FR,
0,RAIPUR RANI PANCHKULA,IN,
64230,LESCAR,FR,
95300,PONTOISE,FR,
95000,CERGY,FR,
77240,SEINE PORT,FR,
0,INCONNUE,FR,
95290,L'ISLE ADAM,FR,
97410,SAINT-PIERRE,FR,
75017,PARIS,FR,
64000,PAU,FR,
95000,CERGY,FR,
0,INCONNUE,FR,
92250,LA GARENNE COLOMBES,FR,
95000,cergy,FR,
64000,PAU,FR,
97410,SAINT-PIERRE,FR,
95660,CHAMPAGNE SUR OISE,FR,
78510,TRIEL SUR SEINE,FR,
64000,PAU,FR,
0,INCONNUE,FR,
0,INCONNUE,FR,
65150,ST LAURENT DE NESTE,FR,
95300,PONTOISE,FR,
0,INCONNUE,FR,
75013,PARIS,FR,
0,INCONNUE,FR,
64420,Artigueloutan,FR,
95000,CERGY,FR,
75012,PARIS,FR,
0,INCONNUE,FR,
95000,CERGY,FR,
91330,YERRES,FR,
95011,CERGY,FR,
31400,TOULOUSE,FR,
77870,VULAINES,FR,
0,INCONNUE,FR,
95000,CERGY,FR,
6300,NICE,FR,
0,INCONNUE,FR,
64370,ARTHEZ DE BEARN,FR,
0,INCONNUE,FR,
64170,SERRES SAINTE MARIE,FR,
31500,TOULOUSE,FR,
0,INCONNUE,FR,
95150,Taverny,FR,
92170,VANVES,FR,
95390,SAINT- PRIX,FR,
31470,SAINT-LYS,FR,
64320,LEE,FR,
75004,PARIS 04EME ARRONDISSEMENT,FR,
0,INCONNUE,FR,
95160,MONTMORENCY,FR,
95300,PONTOISE,FR,
64000,Pau,FR,
92210,SAINT-CLOUD,FR,
95220,Herblay,FR,
82500,BEAUMONT DE LOMAGNE,FR,
95000,CERGY,FR,
0,INCONNUE,FR,
13320,BOUC BEL AIR,FR,
95290,L'ISLE ADAM,FR,
95000,CERGY,FR,
0,INCONNUE,FR,
0,INCONNUE,FR,
75013,PARIS,FR,
75003,PARIS,FR,
40100,Dax,FR,
30300,Jonquieres Saint Vincent,FR,
0,INCONNUE,FR,
0,INCONNUE,FR,
64000,PAU,FR,
80000,AMIENS,FR,
95550,BESSANCOURT,FR,
92330,SCEAUX,FR,
95000,NEUVILLE SUR OISE,FR,
95000,CERGY,FR,
64320,IDRON,FR,
0,INCONNUE,FR,
38100,GRENOBLE,FR,
0,INCONNUE,FR,
78570,CHANTELOUP LES VIGNES,FR,
0,INCONNUE,FR,
89100,MAILLOT,FR,
95450,Th�m�ricourt,FR,
95000,cergy,FR,
21270,BINGES,FR,
94400,VITRY SUR SEINE,FR,
78230,LE PECQ,FR,
77330,Ozoir-la-Ferri�re,FR,
13090,AIX EN PROVENCE,FR,
92500,RUEIL MALMAISON,FR,
95300,PONTOISE,FR,
0,Ban Chomcheng, Sisattanak district,93576548
95240,CORMEILLES-EN-PARISIS,FR,
64800,PARDIES-PIETAT,FR,
0,INCONNUE,FR,
0,Catania,IT,
14000,CAEN,FR,
78170,LA CELLE SAINT CLOUD,FR,
95800,CERGY ST CHRISTOPHE,FR,
95000,CERGY,FR,
0,INCONNUE,FR,
64990,VILLEFRANQUE,FR,
94350,VILLIERS SUR MARNE,FR,
10100,ROMILLY-SUR-SEINE,FR,
75012,PARIS 12EME ARRONDISSEMENT,FR,
95800,COURDIMANCHE,FR,
92400,COURBEVOIE,FR,
14490,LE TRONQUAY,FR,
95000,CERGY,FR,
95000,CERGY,FR,
0,INCONNUE,FR,
95000,CERGY,FR,
45770,SARAN,FR,
0,INCONNUE,FR,
12630,GAGES-MONTROZIER,FR,
0,INCONNUE,FR,
95370,MONTIGNY LES CORMEILLES,FR,
75020,PARIS,FR,
93000,TREMBLAY EN FRANCE,FR,
95520,OSNY,FR,
95610,ERAGNY,FR,
95740,FREPILLON,FR,
95280,JOUY-LE-MOUTIER,FR,
78800,HOUILLES,FR,
95000,CERGY,FR,
95014,CERGY CEDEX,FR,
95014,CERGY CEDEX,FR,
95000,NEUVILLE SUR OISE,FR,
0,INCONNUE,FR,
95000,NEUVILLE SUR OISE,FR,
78800,Houilles,FR,
93130,NOISY-LE-SEC,FR,
0,BAIYIN,CN,
13014,MARSEILLE,FR,
0,INCONNUE,FR,
95160,MONTMORENCY,FR,
92110,CLICHY,FR,
92370,CHAVILLE,FR,
78420,Carri�res Sur Seine,FR,
75015,PARIS 15EME ARRONDISSEME,FR,
0,INCONNUE,FR,
64230,SAUVAGNON,FR,
95000,CERGY,FR,
95000,Cergy,FR,
0,INCONNUE,FR,
0,INCONNUE,FR,
95000,CERGY,FR,
64110,JURANCON,FR,
0,INCONNUE,FR,
0,INCONNUE,FR,
0,INCONNUE,FR,
95450,ABLEIGES,FR,
60000,BEAUVAIS,FR,
0,INCONNUE,FR,
0,95000,FR,
93000,BOBIGNY,FR,
95640,HARAVILLIERS,FR,
0,INCONNUE,FR,
78200,BUCHELAY,FR,
75018,PARIS,FR,
75018,PARIS 18EME ARRONDISSEMENT,FR,
92700,COLOMBES,FR,
64000,PAU,FR,
95420,NUCOURT,FR,
93190,LIVRY-GARGAN,FR,
95000,CERGY,FR,
0,INCONNUE,FR,
64000,PAU,FR,
92310,SEVRES,FR,
95800,CERGY,FR,
78711,MANTES LA VILLE,FR,
95000,CERGY,FR,
0,INCONNUE,FR,
91080,COURCOURONNES,FR,
95000,PONTOISE,FR,
95000,CERGY,FR,
92260,FONTENAY AUX ROSES,FR,
95370,MONTIGNY LES CORMEILLES,FR,
95000,CERGY,FR,
0,INCONNUE,FR,
75014,PARIS,FR,
38580,PINSOT,FR,
0,CHIGAGO IL,US,
0,INCONNUE,FR,
75012,Paris,FR,
95180,MENUCOURT,FR,
0,INCONNUE,FR,
0,INCONNUE,FR,
75012,PARIS,FR,
95490,VAUREAL,FR,
95100,ARGENTEUIL,FR,
0,INCONNUE,FR,
0,INCONNUE,FR,
78610,LE PERRAY EN YVELINES,FR,
78570,Andresy,FR,
95490,VAUREAL,FR,
0,INCONNUE,FR,
75012,PARIS,FR,
95800,CERGY,FR,
78260,ACHERES,FR,
75020,PARIS 20EME ARRONDISSEMENT,FR,
78110,LE V�SINET,FR,
78700,CONFLANS STE HONORINE,FR,
64000,PAU,FR,
64140,LONS,FR,
75013,PARIS 13EME ARRONDISSEMENT,FR,
0,INCONNUE,FR,
93160,NOISY LE GRAND,FR,
0,INCONNUE,FR,
95370,MONTIGNY LES CORMEILLES,FR,
0,INCONNUE,FR,
95000,CERGY,FR,
57070,METZ,FR,
0,INCONNUE,FR,
95000,CERGY,FR,
91130,RIS-ORANGIS,FR,
95000,CERGY,FR,
95450,La Villeneuve St Martin,FR,
92370,CHAVILLE,FR,
95000,CERGY,FR,
64000,PAU,FR,
95014,CERGY,FR,
0,INCONNUE,FR,
92150,SURESNES,FR,
95450,SERAINCOURT,FR,
0,INCONNUE,FR,
38000,Grenoble,FR,
0,INCONNUE,FR,
60180,NOGENT SUR OISE,FR,
92200,NEUILLY SUR SEINE,FR,
0,INCONNUE,FR,
0,INCONNUE,FR,
95170,DEUIL LA BARRE,FR,
34000,MONTPELLIER,FR,
92100,BOULOGNE BILLANCOURT,FR,
64000,Pau,FR,
95610,ERAGNY,FR,
93330,NEUILLY SUR MARNE,FR,
92300,LEVALLOIS PERRET,FR,
0,INCONNUE,FR,
78110,LE VESINET,FR,
0, RK Puram, New Delhi,45293492
95000,CERGY,FR,
95000,CERGY,FR,
64000,Pau,FR,
0,INCONNUE,FR,
95490,VAUREAL,FR,
92340,Bourg-la-reine,FR,
64110,JURANCON,FR,
75020,Paris,FR,
31170,Tournefeuille,FR,
0,INCONNUE,FR,
0,INCONNUE,FR,
95000,CERGY,FR,
95000,CERGY,FR,
0,INCONNUE,FR,
34110,MIREVAL,FR,
95000,CERGY,FR,
0,INCONNUE,FR,
95490,VAUREAL,FR,
92300,LEVALLOIS-PERRET,FR,
78260,ACHERES,FR,
94260,FRESNES,FR,
65690,BARBAZAN DEBAT,FR,
94700,MAISONS ALFORT,FR,
95000,CERGY,FR,
64510,BOEIL-BEZING,FR,
0,INCONNUE,FR,
0,INCONNUE,FR,
33000,BORDEAUX,FR,
0,INCONNUE,FR,
64000,Pau,FR,
78250,MEULAN,FR,
78740,VAUX-SUR-SEINE,FR,
78260,ACHERES,FR,
95300,PONTOISE,FR,
34400,SAINT-CRISTAL,FR,
0,INCONNUE,FR,
67590,SCHWEIGHOUSE,FR,
0,INCONNUE,FR,
93100,MONTREUIL,FR,
95800,CERGY LE HAUT,FR,
95450,Le Perchay,FR,
12100,CREISSELS,FR,
31810,CLERMONT LE FORT,FR,
0,INCONNUE,FR,
74330,SILLINGY,FR,
95100,ARGENTEUIL,FR,
0,INCONNUE,FR,
64000,PAU,FR,
0,INCONNUE,FR,
60230,CHAMBLY,FR,
31840,SEILH,FR,
95260,BEAUCHAMP,FR,
64000,PAU,FR,
91700,SAINTE-GENEVIEVE-DES-BOIS,FR,
95000,CERGY VILLAGE,FR,
95520,OSNY,FR,
75017,PARIS,FR,
57570,CATTENOM,FR,
64000,PAU,FR,
78160,MARLY-LE-ROI,FR,
92220,BAGNEUX,FR,
95300,ENNERY,FR,
95000,CERGY,FR,
75019,Paris,FR,
95820,BRUYERES S/Oise,FR,
0,INCONNUE,FR,
95000,CERGY,FR,
0,INCONNUE,FR,
95290,L'ISLE ADAM,FR,
76240,LE MESNIL-ESNARD,FR,
38000,GRENOBLE,FR,
95000,CERGY,FR,
95000,Cergy,FR,
78930,GUERVILLE,FR,
75007,PARIS,FR,
75019,PARIS,FR,
0,INCONNUE,FR,
0,INCONNUE,FR,
24350,LA CHAPELLE GONAGUET,FR,
78400,CHATOU,FR,
95000,CERGY,FR,
0,INCONNUE,FR,
75015,PARIS 15EME ARRONDISSEMENT,FR,
86340,NOUAILLE MAUPERTUIS,FR,
0,INCONNUE,FR,
95220,HERBLAY,FR,
0,INCONNUE,FR,
94270,LE KREMLIN BICETRE,FR,
0,INCONNUE,FR,
78112,FOURQUEUX,FR,
64000,PAU,FR,
95220,HERBLAY,FR,
0,INCONNUE,FR,
0,INCONNUE,FR,
0,INCONNUE,FR,
0,INCONNUE,FR,
78530,BUC,FR,
78100,ST GERMAIN EN LAYE,FR,
0,BRUXELLES,BR,
95000,CERGY,FR,
11000,CARCASSONNE,FR,
64000,Pau,FR,
0,INCONNUE,FR,
71000,MACON,FR,
75016,PARIS,FR,
0,INCONNUE,FR,
3100,MONTLUCON,FR,
0,INCONNUE,FR,
75004,PARIS,FR,
0,INCONNUE,FR,
0,INCONNUE,FR,
0,INCONNUE,FR,
0,INCONNUE,FR,
64150,NOGUERES,FR,
92110,CLICHY,FR,
95270,SAINT-MARTIN-DU-TERTRE,FR,
95800,CERGY,FR,
60230,CHAMBLY,FR,
64320,BIZANOS,FR,
95660,CHAMPAGNE-SUR-OISE,FR,
86000,POITIERS,FR,
0,INCONNUE,FR,
78340,LES CLAYES SOUS BOIS,FR,
0,INCONNUE,FR,
0,INCONNUE,FR,
0,INCONNUE,FR,
45800,SAINT JEAN DE BRAYE,FR,
38080,L'Isle D'Abeau,FR,
77181,COURTRY,FR,
78420,CARRIERES SUR SEINE,FR,
31500,Toulouse,FR,
0,INCONNUE,FR,
0,INCONNUE,FR,
78270,LOMMOYE,FR,
92600,ASNI�RES-SUR-SEINE,FR,
95420,BANTHELU,FR,
77174,VILLENEUVE LE COMTE,FR,
95000,NEUVILLE SUR OISE,FR,
0,INCONNUE,FR,
77580,GUERARD,FR,
92800,PUTEAUXFrance,FR,
44600,St Nazaire,FR,
0,INCONNUE,FR,
75017,PARIS,FR,
95000,CERGY,FR,
95000,CERGY,FR,
92400,COURBEVOIE,FR,
64000,PAU,FR,
28700,LEVINVILLE,FR,
0,Oran,DZ,
94490,ORMESSON-SUR-MARNE,FR,
97139,LES ABYMES,FR,
0,INCONNUE,FR,
95420,MAGNY EN VEXIN,FR,
0,INCONNUE,FR,
95000,CERGY,FR,
95540,MERY SUR OISE,FR,
78200,MAGNANVILLE,FR,
64230,LESCAR,FR,
0,INCONNUE,FR,
0,INCONNUE,FR,
0,INCONNUE,FR,
0,INCONNUE,FR,
7200,Aubenas,FR,
33000,BORDEAUX,FR,
75013,PARIS,FR,
95320,SAINT LEU LA FORET,FR,
95290,L'ISLE-ADAM,FR,
95150,TAVERNY,FR,
75016,PARIS,FR,
20620,BIGUGLIA,FR,
78590,NOISY-LE-ROI,FR,
20620,BIGUGLIA,FR,
31100,TOULOUSE,FR,
75020,PARIS,FR,
31170,TOURNEFEUILLE,FR,
75008,PARIS,FR,
59254,GHYVELDE,FR,
92130,ISSY LES MOULINEAUX,FR,
78200,MANTES LA JOLIE,FR,
95250,BEAUCHAMP,FR,
75009,PARIS,FR,
64160,GABASTON,FR,
0,INCONNUE,FR,
33370,TRESSES,FR,
95000,CERGY,FR,
92270,BOIS-COLOMBES,FR,
0,INCONNUE,FR,
0,INCONNUE,FR,
0,INCONNUE,FR,
13830,LA BEDOULE,FR,
92150,SURESNES,FR,
64000,PAU,FR,
64520,BIDACHE,FR,
75017,PARIS,FR,
0,SFAX,TN,
95520,OSNY,FR,
30000,NIMES,FR,
32350,LE BROUILH MONBERT,FR,
38000,GRENOBLE,FR,
0,INCONNUE,FR,
78380,BOUGIVAL,FR,
92300,LEVALLOIS-PERRET,FR,
95000,CERGY,FR,
95000,CERGY,FR,
83100,TOULON,FR,
95100,ARGENTEUIL,FR,
92600,Asnieres sur Seine,FR,
95000,Cergy,FR,
95800,CERGY,FR,
78310,COIGNIERES,FR,
0,INCONNUE,FR,
38660,LE TOUVET,FR,
64290,AUBERTIN,FR,
94000,CRETEIL,FR,
95300,PONTOISE,FR,
95014,CERGY CEDEX,FR,
95000,CERGY,FR,
95000,CERGY,FR,
0,INCONNUE,FR,
0,ABIDJAN,CI,
75019,PARIS,FR,
75014,PARIS,FR,
0,INCONNUE,FR,
0,KEBILI,TN,
94230,CACHAN,FR,
78420,CARRIERES SUR SEINE,FR,
78380,BOUGIVAL,FR,
95800,CERGY,FR,
33260,La Teste,FR,
0,INCONNUE,FR,
64000,PAU,FR,
95800,COURDIMANCHE,FR,
95300,PONTOISE,FR,
0,INCONNUE,FR,
95000,CERGY,FR,
35150,JANZE,FR,
60290,CAUFFRY,FR,
0,INCONNUE,FR,
95320,SAINT-LEU-LA-FOR�T,FR,
75014,PARIS,FR,
0,Ariana,TN,
92260,FONTENAY AUX ROSES,FR,
0,INCONNUE,FR,
92000,NANTERRE,FR,
0,rades,TN,
95000,CERGY,FR,
64320,ARESSY,FR,
0,Choix,FR,
95000,CERGY,FR,
0,INCONNUE,FR,
93130,NOISY LE SEC,FR,
54180,HEILLECOURT,FR,
95000,CERGY,FR,
95000,Cergy,FR,
0,INCONNUE,FR,
95000,CERGY,FR,
0,INCONNUE,FR,
95000,CERGY,FR,
92340,BOURG LA REINE,FR,
0,INCONNUE,FR,
95000,CERGY,FR,
95800,CERGY,FR,
0,INCONNUE,FR,
0,INCONNUE,FR,
95000,CERGY,FR,
92130,ISSY LES MOULINEAUX,FR,
40280,SAINT-PIERRE-DU-MONT,FR,
0,INCONNUE,FR,
95140,GARGES LES GONESSE,FR,
93800,EPINAY SUR SEINE,FR,
94470,BOISSY ST LEGER,FR,
78600,MAISONS-LAFFITTE,FR,
75016,PARIS 16EME ARRONDISSEMENT,FR,
94270,LE KREMLIN-BIC�TRE,FR,
95750,CHARS,FR,
95000,CERGY,FR,
95000,PONTOISE,FR,
77210,AVON,FR,
92140,CLAMART,FR,
95000,CERGY,FR,
92230,GENNEVILLIERS,FR,
93500,PANTIN,FR,
76230,BOIS-GUILLAUME,FR,
94880,NOISEAU,FR,
0,INCONNUE,FR,
95120,ERMONT,FR,
64000,PAU,FR,
95130,FRANCONVILLE,FR,
0,INCONNUE,FR,
69009,LYON,FR,
59130,LAMBERSART,FR,
64000,PAU,FR,
0,INCONNUE,FR,
0,INCONNUE,FR,
0,INCONNUE,FR,
92380,GARCHES,FR,
64160,MORLAAS,FR,
11000,Carcassonne,FR,
92270,Bois Colombes,FR,
95600,EAUBONNE,FR,
91300,MASSY,FR,
95610,ERAGNY SUR OISE,FR,
91320,WISSOUS,FR,
60200,Compi�gne,FR,
16300,CRITEUIL-LA-MAGDELEINE,FR,
72230,ARNAGE,FR,
0,INCONNUE,FR,
92110,CLICHY,FR,
0,MONT-DORE,NC,
95000,INCONNUE,FR,
95840,VILLIERS-ADAM,FR,
0,buenos aires,AR,
75017,PARIS,FR,
57000,METZ,FR,
64160,MAUCOR,FR,
64160,MAUCOR,FR,
74380,NANGY,FR,
95300,PONTOISE,FR,
95000,CERGY,FR,
0,INCONNUE,FR,
0,INCONNUE,FR,
92400,COURBEVOIE,FR,
95300,ENNERY,FR,
95000,CERGY,FR,
0,INCONNUE,FR,
38700,LA TRONCHE,FR,
92700,COLOMBES,FR,
95000,CERGY,FR,
95000,CERGY,FR,
95300,PONTOISE,FR,
60530,ERCUIS,FR,
0,INCONNUE,FR,
94100,ST MAUR DES FOSSES,FR,
95000,Cergy,FR,
95000,CERGY,FR,
64000,PAU,FR,
57200,SARREGUEMINES,FR,
95620,PARMAIN,FR,
95000,CERGY,FR,
0,INCONNUE,FR,
0,INCONNUE,FR,
0,INCONNUE,FR,
64000,PAU,FR,
91270,VIGNEUX SUR SEINE,FR,
95100,ARGENTEUIL,FR,
75116,PARIS,FR,
95170,DEUIL-LA-BARRE,FR,
93270,SEVRAN,FR,
95000,NEUVILLE SUR OISE,FR,
95300,PONTOISE,FR,
94300,VINCENNES,FR,
0,INCONNUE,FR,
92160,ANTONY,FR,
95000,Cergy,FR,
78400,CHATOU,FR,
0,Choix,FR,
0,INCONNUE,FR,
95011,cergy,FR,
95180,MENUCOURT,FR,
59139,WATTIGNIES,FR,
92390,VILLENEUVE LA GARENNE,FR,
0,INCONNUE,FR,
0,INCONNUE,FR,
95000,CERGY,FR,
94500,CHAMPIGNY SUR MARNE,FR,
79220,GERMOND-ROUVRE,FR,
31400,TOULOUSE,FR,
92000,NANTERRE,FR,
0,INCONNUE,FR,
94210,La Varenne Saint Hilaire,FR,
95000,CERGY,FR,
69260,CHARBONNIERES LES BAINS,FR,
31170,TOURNEFEUILLE,FR,
75016,PARIS,FR,
95000,CERGY,FR,
78260,ACHERES,FR,
95000,Cerrgy,FR,
64121,SERRES-CASTET,FR,
95000,CERGY,FR,
78260,ACHERES,FR,
75016,PARIS,FR,
78000,VERSAILLES,FR,
95000,CERGY,FR,
92310,SEVRES,FR,
95000,CERGY PONTOISE,FR,
78800,HOUILLES,FR,
95600,EAUBONNE,FR,
0,INCONNUE,FR,
0,INCONNUE,FR,
95250,BEAUCHAMP,FR,
93120,LA COURNEUVE,FR,
0,Esfahan,IR,
78410,AUBERGENVILLE,FR,
95220,HERBLAY,FR,
95000,NEUVILLE SUR OISE,FR,
95800,CERGY,FR,
93320,LES PAVILLONS SOUS BOIS,FR,
93240,STAINS,FR,
95100,ARGENTEUIL,FR,
95300,Pontoise,FR,
95000,CERGY,FR,
95300,PONTOISE,FR,
95520,OSNY,FR,
95480,PIERRELAYE,FR,
0,WOUSTVILLER,FR,
95800,CERGY LE HAUT,FR,
92100,BOULOGNE BILLANCOURT,FR,
95000,CERGY,FR,
95014,CERGY PONTOISE,FR,
95640,SANTEUIL,FR,
95110,SANNOIS,FR,
78430,LOUVECIENNES,FR,
95000,CERGY,FR,
75005,PARIS,FR,
95150,TAVERNY,FR,
95290,L'ISLE ADAM,FR,
95000,Cergy,FR,
95330,DOMONT,FR,
92350,LE PLESSIS ROBINSON,FR,
0,Choix,FR,
95800,CERGY,FR,
0,Jaspur,IN,
0,INCONNUE,FR,
95000,CERGY,FR,
65190,BORDES,FR,
0,INCONNUE,FR,
95000,CERGY,FR,
92700,COLOMBES,FR,
59552,LAMBRES-LEZ-DOUAI,FR,
59278,ESCAUTPONT,FR,
59100,ROUBAIX,FR,
59450,SIN-LE-NOBLE,FR,
92400,COURBEVOIE,FR,
0,INCONNUE,FR,
0,INCONNUE,FR,
95000,CERGY,FR,
95000,CERGY,FR,
95800,CERGY LE HAUT,FR,
92100,BOULOGNE BILLANCOURT,FR,
95000,Cergy,FR,
95000,CERGY,FR,
95270,LUZARCHES,FR,
78100,SAINT GERMAIN-EN-LAYE,FR,
0,INCONNUE,FR,
95000,CERGY,FR,
75007,PARIS,FR,
75007,PARIS,FR,
95100,ARGENTEUIL,FR,
34170,CASTELMAN LE LEZ,FR,
93130,NOISY LE SEC,FR,
64000,PAU,FR,
38100,GRENOBLE,FR,
94140,ALFORTVILLE,FR,
93270,SEVRAN,FR,
75015,PARIS,FR,
95180,MENUCOURT,FR,
64000,PAU,FR,
0,INCONNUE,FR,
0,INCONNUE,FR,
0,INCONNUE,FR,
0,INCONNUE,FR,
64000,PAU,FR,
0,INCONNUE,FR,
95000,CERGY,FR,
64000,Pau,FR,
93330,NEUILLY SUR MARNE,FR,
64000,PAU,FR,
64000,Pau,FR,
92390,VILLENEUVE LA GARENNE,FR,
95600,EAUBONNE,FR,
95100,ARGENTEUIL,FR,
97490,SAINTE-CLOTILDE,FR,
92700,COLOMBES,FR,
78870,BAILLY,FR,
2840,ATHIES SOUS LAON,FR,
95800,CERGY ST CHRISTOPHE,FR,
93600,AULNAY SOUS BOIS,FR,
0,INCONNUE,FR,
92000,Nanterre,FR,
47110,Sainte-Livrade-sur-Lot,FR,
31240,SAINT JEAN,FR,
75014,PARIS 14EME ARRONDISSEMENT,FR,
30000,N�mes,FR,
95000,CERGY,FR,
0,INCONNUE,FR,
64000,PAU,FR,
95750,CHARS,FR,
91000,EVRY,FR,
64000,PAU,FR,
64230,LESCAR,FR,
47310,BRAX,FR,
0,INCONNUE,FR,
95360,MONTMAGNY,FR,
40280,ST PIERRE DU MONT,FR,
64400,OLORON STE MARIE,FR,
95120,ERMONT,FR,
92110,CLICHY,FR,
92220,LA GARENNE COLOMBES,FR,
78130,LES MUREAUX,FR,
93220,GAGNY,FR,
75014,PARIS 14EME ARRONDISSEMENT,FR,
95000,CERGY,FR,
20167,Alata,FR,
0,INCONNUE,FR,
64000,PAU,FR,
94000,CRETEIL,FR,
38000,GRENOBLE,FR,
0,INCONNUE,FR,
95011,CERGY,FR,
31000,TOULOUSE,FR,
92310,SEVRES,FR,
95540,MERY SUR OISE,FR,
75004,PARIS 04EME ARRONDISSEMENT,FR,
75019,PARIS,FR,
78180,Montigny-le-breutonneux,FR,
95014,CERGY-PONTOISE,FR,
95220,HERBLAY,FR,
64000,PAU,FR,
95000,CERGY,FR,
0,INCONNUE,FR,
0,INCONNUE,FR,
95150,TAVERNY,FR,
0,NUEVA ANDALUCIA (marbella),ES,
91270,VIGNEUX SUR SEINE,FR,
64000,Pau,FR,
91120,PALAISEAU,FR,
0,INCONNUE,FR,
40000,mont de marsan,FR,
91140,VILLEBON SUR YVETTE,FR,
95300,PONTOISE,FR,
64000,PAU,FR,
94300,VINCENNES,FR,
92390,VILLENEUVE LA GARENNE,FR,
95440,ECOUEN,FR,
60000,BEAUVAIS,FR,
35890,LAILLE,FR,
0,INCONNUE,FR,
0,INCONNUE,FR,
95600,EAUBONNE,FR,
67170,BRUMATH,FR,
0,OUED ZEM,MA,
95000,CERGY,FR,
95000,CERGY,FR,
57535,BRONVAUX,FR,
95640,BREANCON,FR,
95000,CERGY,FR,
95000,CERGY,FR,
75008,PARIS,FR,
0,INCONNUE,FR,
77090,COLL�GIEN,FR,
92200,Neuilly sur Seine,FR,
95000,CERGY,FR,
75011,PARIS 11EME ARRONDISSEMENT,FR,
0,TUNIS,TN,
95000,CERGY,FR,
95870,BEZONS,FR,
95640,SANTEUIL,FR,
38000,GRENOBLE,FR,
92600,ASNIERES,FR,
95000,CERGY,FR,
95800,CERGY,FR,
78580,MAULE,FR,
0,INCONNUE,FR,
75019,PARIS 19EME ARRONDISSEMENT,FR,
75011,PARIS,FR,
78800,HOUILLES,FR,
0,Choix,FR,
95800,CERGY ST CHRISTOPHE,FR,
64140,BILLERE,FR,
64500,Saint Jean De Luz,FR,
92300,LEVALLOIS PERRET,FR,
0,INCONNUE,FR,
0,INCONNUE,FR,
75012,paris,FR,
40090,Campagne,FR,
64230,LESCAR,FR,
77360,VAIRES SUR MARNE,FR,
0,INCONNUE,FR,
0,INCONNUE,FR,
95300,PONTOISE,FR,
95000,CERGY,FR,
75011,PARIS,FR,
76380,CANTELEU,FR,
75013,PARIS,FR,
92100,BOULOGNE-BILLANCOURT,FR,
0,INCONNUE,CM,
95000,Cergy,FR,
95000,CERGY,FR,
95800,CERGY LE HAUT,FR,
93350,LE BOURGET,FR,
0,INCONNUE,FR,
78500,Sartrouville,FR,
0,BRUXELLES,BR,
33500,LIBOURNE,FR,
78700,CONFLANS ST HONORINE,FR,
95000,NEUVILLE SUR OISE,FR,
95150,TAVERNY,FR,
92600,ASNIERES SUR SEINE,FR,
0,INCONNUE,FR,
0,INCONNUE,FR,
80000,AMIENS,FR,
19200,SAINT EXUPERY LES ROCHES,FR,
0,INCONNUE,FR,
0,INCONNUE,FR,
95600,EAUBONNE,FR,
0,INCONNUE,FR,
95000,CERGY,FR,
95130,FRANCONVILLE,FR,
70400,CHAMPEY,FR,
95300,PONTOISE,FR,
95000,Cergy-Prefecture,FR,
31180,Saint G�ni�s Bellevue,FR,
95610,ERAGNY,FR,
78250,GAILLON-SUR-MONTCIENT,FR,
91220,BRETIGNY SUR ORGE,FR,
0,INCONNUE,FR,
64140,LONS,FR,
92000,NANTERRE,FR,
77600,BUSSY-SAINT-GEORGES,FR,
95000,CERGY,FR,
95150,TAVERNY,FR,
92360,Meudon,FR,
95000,CERGY,FR,
95150,TAVERNY,FR,
95800,CERGY,FR,
78500,SARTROUVILLE,FR,
75017,PARIS,FR,
78700,CONFLANS SAINTE HONORINE,FR,
0,INCONNUE,FR,
0,INCONNUE,FR,
95180,MENUCOURT,FR,
95100,ARGENTEUIL,FR,
34820,TEYRAN,FR,
0,INCONNUE,FR,
64000,PAU,FR,
31150,BRUGUIERES,FR,
77000,VAUX LE PENIL,FR,
0,INCONNUE,FR,
0,INCONNUE,FR,
13600,La Ciotat,FR,
0,INCONNUE,FR,
95420,SAINT-GERVAIS,FR,
95000,Cergy,FR,
64000,PAU,FR,
75016,PARIS,FR,
33510,ANDERNOS-LES-BAINS,FR,
95300,ENNERY,FR,
95000,CERGY,FR,
75017,PARIS 17EME ARRONDISSEMENT,FR,
0,INCONNUE,FR,
95360,MONTMAGNY,FR,
95170,DEUIL LA BARRE,FR,
78112,FOURQUEUX,FR,
76500,ORIVAL,FR,
64000,PAU,FR,
93250,VILLEMOMBLE,FR,
93800,EPINAY SUR SEINE,FR,
95370,MONTIGNY LES CORMEILLES,FR,
75015,PARIS,FR,
95220,HERBLAY,FR,
95280,JOUY LE MOUTIER,FR,
91160,LONGUMEAU,FR,
0,INCONNUE,FR,
75015,PARIS,FR,
0,INCONNUE,FR,
93310,LE PRE ST GERVAIS,FR,
92200,NEUILLY-SUR-SEINE,FR,
75019,PARIS 19EME ARRONDISSEMENT,FR,
78500,SARTROUVILLE,FR,
93410,VAUJOURS,FR,
93700,DRANCY,FR,
95420,MAGNY EN VEXIN,FR,
75013,PARIS 13EME ARRONDISSEMENT,FR,
0,Sant'Alfio,IT,
0,INCONNUE,FR,
95000,CERGY,FR,
95014,CERGY Cedex,FR,
95000,CERGY,FR,
95000,BOISEMONT,FR,
78400,CHATOU,FR,
6000,NICE,FR,
0,Cotonou,BJ,
0,INCONNUE,FR,
0,INCONNUE,FR,
94240,L HAY LES ROSES,FR,
78300,POISSY,FR,
78500,SARTROUVILLE,FR,
0,INCONNUE,FR,
95000,CERGY,FR,
31240,SAINT-JEAN,FR,
31280,DREMIL-LAFAGE,FR,
62700,BRUAY LA BUISSIERE,FR,
0,INCONNUE,FR,
75018,PARIS,FR,
42160,BONSON,FR,
0,INCONNUE,FR,
75005,PARIS,FR,
92130,ISSY-LES-MOULINEAUX,FR,
95000,CERGY,FR,
13011,MARSEILLE,FR,
95000,CERGY,FR,
94400,VITRY SUR SEINE,FR,
78260,ACHERES,FR,
0,INCONNUE,FR,
0,INCONNUE,FR,
0,INCONNUE,FR,
95300,PONTOISE,FR,
93140,BONDY,FR,
95120,ERMONT,FR,
95800,CERGY ST CHRISTOPHE,FR,
95800,CERGY,FR,
75019,PARIS 19EME ARRONDISSEMENT,FR,
78740,VAUX SUR SEINE,FR,
95800,CERGY ST CHRISTOPHE,FR,
92120,MONTROUGE,FR,
95801,CERGY,FR,
64000,Pau,FR,
78370,PLAISIR,FR,
95380,LOUVRES,FR,
95000,CERGY,FR,
75009,PARIS,FR,
87170,ISLE,FR,
75015,PARIS,FR,
11620,VILLEMOUSTAUSSOU,FR,
75016,PARIS,FR,
92700,COLOMBES,FR,
92400,COURBEVOIE,FR,
92600,ASNIERES SUR SEINE,FR,
95000,Cergy,FR,
0,SFAX,TN,
95170,DEUIL LA BARRE,FR,
95280,JOUY LE MOUTIER,FR,
77340,PONTAULT COMBAULT,FR,
95014,CERGY,FR,
94100,SAINT-MAUR-DES-FOSSES,FR,
95800,CERGY,FR,
95000,CERGY,FR,
0,INCONNUE,FR,
95000,CERGY,FR,
0,INCONNUE,FR,
0,INCONNUE,FR,
64150,LAGOR,FR,
31000,TOULOUSE,FR,
0,INCONNUE,FR,
0,INCONNUE,FR,
95460,EZANVILLE,FR,
95490,VAUREAL,FR,
93100,MONTREUIL,FR,
75012,PARIS,FR,
92210,SAINT-CLOUD,FR,
75011,PARIS,FR,
64000,PAU,FR,
95430,AUVERS SUR OISE,FR,
95000,Cergy,FR,
0,INCONNUE,FR,
0,CERGY,TR,
95000,CERGY,FR,
94270,LE KREMLIN-BIC�TRE,FR,
95000,CERGY,FR,
78570,ANDRESY,FR,
0,CERGY LE HAUT,BR,
92110,CLICHY,FR,
78100,ST GERMAIN EN LAYE,FR,
76240,BONSECOURS,FR,
64000,PAU,FR,
95000,CERGY,FR,
95000,CERGY,FR,
0,INCONNUE,FR,
75001,PARIS,FR,
92500,RUEIL MALMAISON,FR,
92270,BOIS COLOMBES,FR,
64260,BIELLE,FR,
31400,Toulouse,FR,
95170,DEUIL LA BARRE,FR,
95000,CERGY,FR,
13008,MARSEILLE,FR,
0,INCONNUE,FR,
0,INCONNUE,FR,
95600,EAUBONNE,FR,
75015,PARIS,FR,
64000,PAU,FR,
78690,LES ESSARTS LE ROI,FR,
78340,Les Clayes Sous Bois,FR,
95100,ARGENTEUIL,FR,
38200,VIENNE,FR,
31770,COLOMIERS,FR,
78200,MANTES LA JOLIE,FR,
0,INCONNUE,FR,
95000,CERGY,FR,
0,INCONNUE,FR,
0,INCONNUE,FR,
64000,PAU,FR,
80000,AMIENS,FR,
60340,VILLERS SOUS ST LEU,FR,
94130,NOGENT SUR MARNE,FR,
0,INCONNUE,FR,
95280,JOUY LE MOUTIER,FR,
95800,CERGY ST CHRISTOPHE,FR,
95000,CERGY,FR,
0,INCONNUE,FR,
59560,COMINES,FR,
0,INCONNUE,FR,
95800,CERGY,FR,
78770,VILLIERS LE MAHIEU,FR,
78440,GARGENVILLE,FR,
64320,OUSSE,FR,
78340,LES CLAYES SOUS BOIS,FR,
95000,CERGY,FR,
95290,L'ISLE ADAM,FR,
0,INCONNUE,FR,
95350,SAINT BRICE SOUS FORET,FR,
0,MONTPELLIER,FR,
30340,SALINDRES,FR,
56000,VANNES,FR,
13010,MARSEILLE,FR,
75018,PARIS,FR,
95000,CERGY,FR,
95014,CERGY PONTOISE,FR,
78520,LIMAY,FR,
44700,ORVAULT,FR,
0,INCONNUE,FR,
95100,ARGENTEUIL,FR,
95170,DEUIL LA BARRE,FR,
95310,Saint ouen l'aum�ne,FR,
95000,CERGY,FR,
94550,CHEVILLY LARUE,FR,
95000,CERGY,FR,
75015,PARIS 15EME ARRONDISSEMENT,FR,
95000,CERGY,FR,
95800,CERGY LE HAUT,FR,
0,INCONNUE,FR,
95000,CERGY PONTOISE,FR,
46100,FIGEAC,FR,
0,INCONNUE,FR,
95000,CERGY,FR,
91300,MASSY,FR,
95000,Cergy,FR,
64000,PAU,FR,
75015,PARIS,FR,
0,INCONNUE,FR,
95000,CERGY,FR,
0,INCONNUE,FR,
92410,VILLE D'AVRAY,FR,
95000,Cergy le Haut,FR,
78112,FOURQUEUX,FR,
95000,NEUVILLE SUR OISE,FR,
95270,VIARMES,FR,
92160,ANTONY,FR,
0,INCONNUE,FR,
95110,SANNOIS,FR,
64000,PAU,FR,
63460,ARTONNE,FR,
95640,MARINES,FR,
75007,PARIS,FR,
95014,CERGY CEDEX,FR,
64000,PAU,FR,
54150,BRIEY,FR,
75013,PARIS,FR,
91600,SAVIGNY-SUR-ORGE,FR,
94600,CHOISY LE ROI,FR,
92270,Bois Colombes,FR,
78780,MAURECOURT,FR,
95210,SAINT GRATIEN,FR,
0,INCONNUE,FR,
78130,LES MUREAUX,FR,
93140,BONDY,FR,
77100,MEAUX,FR,
60110,MERU,FR,
95520,OSNY,FR,
95000,CERGY,FR,
95220,HERBLAY,FR,
95800,CERGY,FR,
92600,ASNI�RES SUR SEINE,FR,
95300,PONTOISE,FR,
95620,PARMAIN,FR,
64320,idron,FR,
95490,VAUREAL,FR,
0,INCONNUE,FR,
0,INCONNUE,FR,
94600,CHOISY LE ROI,FR,
93150,LE BLANC MESNIL,FR,
93100,MONTREUIL,FR,
34000,MONTPELLIER,FR,
13015,MARSEILLE,FR,
0,INCONNUE,FR,
75015,PARIS,FR,
95000,CERGY,FR,
95320,SAINT LEU LA FORET,FR,
0,INCONNUE,FR,
95490,VAUREAL,FR,
95600,Eaubonne,FR,
0,INCONNUE,FR,
77230,DAMMARTIN EN GOELE,FR,
28700,Saint L�ger Des Aub�es,FR,
73170,JONGIEUX,FR,
95230,SOISY SOUS  MONTMORENCY,FR,
95000,CERGY CEDEX,FR,
0,INCONNUE,FR,
75019,PARIS,FR,
95000,CERGY,FR,
75017,PARIS,FR,
0,INCONNUE,FR,
95530,LA FRETTE-SUR-SEINE,FR,
0,INCONNUE,FR,
0,INCONNUE,FR,
75014,PARIS,FR,
64000,Pau,FR,
34140,BOUZIGUES,FR,
0,INCONNUE,FR,
78200,MANTES LA JOLIE,FR,
75011,PARIS,FR,
95000,Cergy,FR,
0,INCONNUE,FR,
64320,L�e,FR,
0,INCONNUE,FR,
95800,CERGY,FR,
0,INCONNUE,FR,
0,INCONNUE,FR,
75011,PARIS 11EME ARRONDISSEMENT,FR,
78780,MAURECOURT,FR,
78000,VERSAILLES,FR,
78240,CHAMBOURCY,FR,
75018,PARIS,FR,
92700,COLOMBES,FR,
0,INCONNUE,FR,
95160,MONTMORENCY,FR,
65500,VIC EN BIGORRE,FR,
0,75018,FR,
94800,VILLEJUIF,FR,
13008,MARSEILLE,FR,
64000,PAU,FR,
95150,Taverny,FR,
95120,ERMONT,FR,
64000,PAU,FR,
95000,CERGY,FR,
31700,BLAGNAC,FR,
78630,ORGEVAL,FR,
64000,Pau,FR,
29400,LANDIVISIAU,FR,
0,INCONNUE,FR,
6160,Juan-les-pins,FR,
0,INCONNUE,FR,
0,INCONNUE,FR,
78700,CONFLANS STE HONORIN,FR,
0,GREVENKNAPP,LU,
95620,PARMAIN,FR,
78800,HOUILLES,FR,
0,nalgonda,IN,
0,Cergy Cedex,CN,
95000,Cergy,FR,
64000,Pau,FR,
95300,PONTOISE,FR,
95300,PONTOISE,FR,
0,INCONNUE,FR,
93500,PANTIN,FR,
94160,ST MANDE,FR,
6000,NICE,FR,
95800,CERGY LE HAUT,FR,
95130,FRANCONVILLE,FR,
0,CHOIX,FR,
91350,GRIGNY,FR,
95014,CERGY CEDEX,FR,
78400,ISSOU,FR,
95280,JOUY LE MOUTIER,FR,
95280,JOUY-LE-MOUTIER,FR,
27000,EVREUX,FR,
95520,OSNY,FR,
0,INCONNUE,FR,
95870,BEZONS,FR,
0,INCONNUE,FR,
65100,LOURDES,FR,
75116,PARIS,FR,
75018,PARIS,FR,
95200,SARCELLES,FR,
95100,ARGENTEUIL,FR,
0,INCONNUE,FR,
95000,CERGY,FR,
75017,PARIS,FR,
75006,PARIS,FR,
95800,CERGY,FR,
95000,NEUVILLE SUR OISE,FR,
92110,CLICHY,FR,
0,INCONNUE,FR,
95014,CERGY,FR,
95014,CERGY CEDEX,FR,
69800,ST PRIEST,FR,
0,TIANJIN,CN,
95310,ST OUEN L'AUMONE,FR,
75020,PARIS,FR,
95310,ST OUEN L AUMONE,FR,
95280,JOUY LE MOUTIER,FR,
0,GUANGZHOU,CN,
0,INCONNUE,FR,
0,Choix,FR,
95000,CERGY,FR,
13012,MARSEILLE,FR,
0,SHANGHAI,FR,
78780,MAURECOURT,FR,
64000,PAU,FR,
92250,LA GARENNE COLOMBES,FR,
69004,LYON,FR,
95000,NEUVILLE SUR OISE,FR,
95000,CERGY,FR,
0,INCONNUE,FR,
93800,EPINAY SUR SEINE,FR,
75017,PARIS,FR,
78500,SARTROUVILLE,FR,
95800,CERGY LE HAUT,FR,
93700,DRANCY,FR,
75014,PARIS 14EME ARRONDISSEMENT,FR,
0,INCONNUE,FR,
33970,L�ge Cap-Ferret,FR,
91330,YERRES,FR,
95000,CERGY,FR,
75016,PARIS 16EME ARRONDISSEMENT,FR,
95120,ERMONT,FR,
93800,EPINAY SUR SEINE,FR,
31100,TOULOUSE,FR,
0,Abidjan,CI,
95280,Juoy Le Moutier,FR,
94370,SUCY EN BRIE,FR,
78260,ACHERES,FR,
94120,FONTENAY SOUS BOIS,FR,
95000,CERGY,FR,
95120,ERMONT,FR,
0,INCONNUE,FR,
0,INCONNUE,FR,
75015,PARIS,FR,
0,INCONNUE,FR,
92400,COURBEVOIE,FR,
95740,FREPILLON,FR,
92200,NEUILLY-SUR-SEINE,FR,
75016,PARIS 16EME ARRONDISSEME,FR,
92000,Nanterre,FR,
95310,ST OUEN L'AUMONE,FR,
28000,CHARTRES,FR,
95000,CERGY,FR,
75013,PARIS,FR,
75019,PARIS,FR,
13009,MARSEILLE,FR,
95000,Cergy,FR,
78420,Carriere-sur-Seine,FR,
95000,CERGY,FR,
0,WUHAN,CN,
95000,cergy-pontoise,FR,
95000,Cergy,FR,
0,INCONNUE,FR,
81370,ST SULPICE,FR,
95014,CERGY CEDEX,FR,
94220,CHARENTON LE PONT,FR,
69500,BRON,FR,
95000,CERGY PONTOISE,FR,
75019,PARIS,FR,
95300,PONTOISE,FR,
75018,PARIS,FR,
75017,PARIS,FR,
0,INCONNUE,FR,
0,INCONNUE,FR,
95800,CERGY LE HAUT,FR,
75116,Paris,FR,
94350,VILLIERS SUR MARNE,FR,
93320,LES PAVILLONS SOUS BOIS,FR,
95300,PONTOISE,FR,
95800,COURDIMANCHE,FR,
0,INCONNUE,FR,
0,INCONNUE,FR,
64000,Pau,FR,
95640,MARINES,FR,
92600,ASNIERES,FR,
75015,PARIS,FR,
0,Bizerte,TN,
0,INCONNUE,FR,
0,Choix,FR,
93380,Pierrefitte sur seine,FR,
94140,ALFORTVILLE,FR,
95000,CERGY,FR,
95000,CERGY,FR,
95000,CERGY VILLAGE,FR,
57950,Montigny-les-Montigny,FR,
75020,PARIS,FR,
95270,Viarmes,FR,
75014,PARIS 14EME ARRONDISSEMENT,FR,
95340,PERSAN,FR,
0,75018,FR,
95300,PONTOISE,FR,
93430,VILLETANEUSE,FR,
93200,SAINT-DENIS,FR,
95000,Cergy St Christophe,FR,
95100,ARGENTEUIL,FR,
78710,ROSNY SUR SEINE,FR,
95000,CERGY,FR,
77360,VAIRES SUR MARNES,FR,
95100,ARGENTEUIL,FR,
0,INCONNUE,FR,
0,INCONNUE,FR,
64000,PAU,FR,
64000,PAU,FR,
83200,Le Revest-Les-Eaux,FR,
93190,LIVRY-GARGAN,FR,
0,INCONNUE,FR,
65100,LOURDES,FR,
0,RIVIERE-SALEE,MQ,
75019,PARIS,FR,
75002,PARIS,FR,
95000,CERGY,FR,
0,INCONNUE,FR,
95800,CERGY LE HAUT,FR,
75015,PARIS,FR,
31860,PINS JUSTARET,FR,
78500,SARTROUVILLE,FR,
95014,CERGY,FR,
64000,PAU,FR,
72000,LE MANS,FR,
5200,EMBRUN,FR,
95000,CERGY,FR,
0,INCONNUE,FR,
95460,EZANVILLE,FR,
64000,PAU,FR,
92120,MONTROUGE,FR,
59280,ARMENTIERES,FR,
0,INCONNUE,FR,
95000,CERGY,FR,
95000,Cergy,FR,
95000,CERGY,FR,
64000,Pau,FR,
0,INCONNUE,FR,
91620,NOZAY,FR,
64320,BIZANOS,FR,
95000,CERGY,FR,
95340,PERSAN,FR,
92600,ASNIERES,FR,
75017,PARIS,FR,
95800,CERGY LE HAUT,FR,
95000,CERGY,FR,
0,INCONNUE,FR,
0,INCONNUE,FR,
75017,paris,FR,
95000,Cergy,FR,
78260,Ach�res,FR,
60540,FOSSEUSE,FR,
91280,SAINT PIERRE DU PERRAY,FR,
64000,PAU,FR,
95000,CERGY,FR,
94250,GENTILLY,FR,
0,INCONNUE,FR,
93220,GAGNY,FR,
92230,GENNEVILLIERS,FR,
0,INCONNUE,FR,
92200,NEUILLY SUR SEINE,FR,
95420,MAGNY-EN-VEXIN,FR,
81000,ALBI,FR,
95000,CERGY,FR,
0,95630,FR,
95000,CERGY,FR,
78610,LE PERRAY,FR,
64160,BUROS,FR,
0,95390,FR,
45450,FAY AUX LOGES,FR,
92170,VANVES,FR,
13530,TRETS,FR,
0,INCONNUE,FR,
95650,MONTGEROULT,FR,
64000,PAU,FR,
0,INCONNUE,FR,
8200,ILLY,FR,
0,92300,FR,
95000,NEUVILLE SUR OISE,FR,
95170,DEUIL LA BARRE,FR,
92270,BOIS-COLOMBES,FR,
95810,VALLANGOUJARD,FR,
95300,PONTOISE,FR,
0,INCONNUE,FR,
78410,FLINS SUR SEINE,FR,
75018,PARIS,FR,
95031,NEUVILLE/OISE,FR,
0,INCONNUE,FR,
95880,ENGHIEN LES BAINS,FR,
0,INCONNUE,FR,
94490,ORMESSON SUR MARNE,FR,
75010,Paris 10eme,FR,
64000,Pau,FR,
37540,SAINT-CYR-SUR-LOIRE,FR,
27830,NEAUFLES ST MARTIN,FR,
95014,CERGY,FR,
84600,Valr�as,FR,
75013,PARIS,FR,
64000,PAU,FR,
78540,VERNOUILLET,FR,
95000,CERGY,FR,
0,INCONNUE,FR,
0,INCONNUE,FR,
64000,PAU,FR,
0,INCONNUE,FR,
95000,CERGY,FR,
95300,PONTOISE,FR,
95250,Beauchamp,FR,
95000,CERGY,FR,
92300,LEVALLOIS,FR,
0,INCONNUE,FR,
78540,VERNOUILLET,FR,
95000,CERGY VILLAGE,FR,
0,INCONNUE,FR,
95000,CERGY,FR,
3120,ANDELAROCHE,FR,
64110,JURANCON,FR,
0,INCONNUE,FR,
95500,BONNEUIL-EN-FRANCE,FR,
0,INCONNUE,FR,
32000,AUCH,FR,
0,INCONNUE,FR,
0,INCONNUE,FR,
95000,CERGY,FR,
76230,BOIS-GUILLAUME,FR,
92800,PUTEAUX,FR,
95014,CERGY,FR,
33520,BRUGES,FR,
75018,PARIS,FR,
64000,PAU,FR,
95000,CERGY,FR,
64000,PAU,FR,
92130,ISSY-LES-MOULINEAUX,FR,
64160,BUROS,FR,
64230,LESCAR,FR,
0,Choix,FR,
64510,DORDES,FR,
31830,PLAISANCE DU TOUCH,FR,
78120,RAMBOUILLET,FR,
64000,Pau,FR,
75015,PARIS - 15,FR,
95560,BAILLET EN FRANCE,FR,
95000,Cergy,FR,
64230,ARTIGUELOUVE,FR,
64000,PAU,FR,
64320,IDRON,FR,
0,INCONNUE,FR,
95800,CERGY,FR,
60150,THOUROTTE,FR,
0,INCONNUE,FR,
0,INCONNUE,FR,
75019,PARIS,FR,
34980,MONTFERRIER SUR LEZ,FR,
95300,PONTOISE,FR,
64110,GELOS,FR,
0,INCONNUE,FR,
64000,PAU,FR,
95000,CERGY,FR,
0,INCONNUE,FR,
45100,Orl�ans,FR,
92200,NEUILLY SUR SEINE,FR,
92150,SURESNES,FR,
64000,Pau,FR,
92400,COURBEVOIE,FR,
38000,GRENOBLE,FR,
78500,SARTROUVILLE,FR,
95800,CERGY SAINT CHRISTOPHE,FR,
78700,CONFLANS,FR,
95000,CERGY,FR,
92200,NEUILLY SUR SEINE,FR,
75017,PARIS,FR,
0,INCONNUE,FR,
95000,NEUVILLE SUR OISE,FR,
95000,CERGY,FR,
78500,SARTROUVILLE,FR,
92100,BOULOGNE-BILLANCOURT,FR,
95800,CERGY,FR,
17100,BUSSAC-SUR-CHARENTE,FR,
95000,CERGY,FR,
95000,NEUVILLE SUR OISE,FR,
64000,PAU,FR,
77500,CHELLES,FR,
95800,CERGY ST CHRISTOPHE,FR,
0,INCONNUE,FR,
0,INCONNUE,FR,
60200,COMPIEGNE,FR,
93200,SAINT DENIS,FR,
0,INCONNUE,FR,
91450,SOISY SUR SEINE,FR,
75017,PARIS 17EME ARRONDISSEMENT,FR,
95000,CERGY,FR,
64000,Pau,FR,
95320,SAINT LEU LA FORET,FR,
78700,CONFLANS STE HONORINE,FR,
95480,PIERRELAYE,FR,
75014,PARIS,FR,
92100,BOULOGNE BILLANCOURT,FR,
31120,GOYRANS,FR,
85660,ST PHILBERT DE BOUAINE,FR,
95520,OSNY,FR,
64140,LONS,FR,
92600,ASNIERES SUR SEINE,FR,
78440,GARGENVILLE,FR,
0,INCONNUE,FR,
95000,CERGY le Port,FR,
95000,CERGY,FR,
77700,MAGNY LE HONGRE,FR,
95300,PONTOISE,FR,
64000,Pau,FR,
64320,BIZANOS,FR,
95000,CERGY,FR,
95810,VALLANGOUJARD,FR,
95490,VAUREAL,FR,
95000,CERGY,FR,
64000,PAU,FR,
0,INCONNUE,FR,
95000,Cergy,FR,
94490,ORMESSON SUR MARNE,FR,
25550,BAVANS,FR,
64000,PAU,FR,
0,INCONNUE,FR,
0,INCONNUE,FR,
33700,MERIGNAC,FR,
74440,MIEUSSY,FR,
95000,CERGY,FR,
77330,OZOIR LA FERRIERE,FR,
92300,LEVALLOIS,FR,
0,94120,FR,
34070,MONTPELLIER,FR,
57280,MAIZIERES LES METZ,FR,
95300,PONTOISE,FR,
64000,PAU,FR,
95240,CORMEILLES EN PARISIS,FR,
54500,VANDOEUVRE,FR,
95014,CERGY,FR,
95014,CERGY,FR,
95320,SAINT LEU LA FORET,FR,
92400,COURBEVOIE,FR,
95480,PIERRELAYE,FR,
64000,PAU,FR,
95360,MONTMAGNY,FR,
92310,SEVRES,FR,
0,Choix,FR,
0,INCONNUE,FR,
0,INCONNUE,FR,
78600,LE MESNIL LE ROI,FR,
85400,LU�ON,FR,
78200,MANTES LA JOLIE,FR,
31170,TOURNEFEUILLE,FR,
95000,CERGY,FR,
0,INCONNUE,FR,
92410,VILLE D AVRAY,FR,
40240,SAINT-JUSTIN,FR,
95430,BUTRY SUR OISE,FR,
75015,PARIS,FR,
0,INCONNUE,FR,
0,INCONNUE,FR,
0,INCONNUE,FR,
0,INCONNUE,FR,
95014,CERGY,FR,
0,INCONNUE,FR,
95370,MONTIGNY-L�S-CORMEILLES,FR,
33000,BORDEAUX,FR,
78290,CROISSY SUR SEINE,FR,
95000,CERGY,FR,
64000,Pau,FR,
75017,PARIS 17EME ARRONDISSEMENT,FR,
0,INCONNUE,FR,
0,INCONNUE,FR,
0,INCONNUE,FR,
93160,NOISY LE GRAND,FR,
0,KPEME,TG,
95150,TAVERNY,FR,
0,INCONNUE,FR,
77700,SERRIS,FR,
0,INCONNUE,FR,
95490,VAUREAL,FR,
95230,Soisy Sous Montmorency,FR,
13590,MEYREUIL,FR,
95310,ST OUEN L'AUMONE,FR,
95000,Cergy,FR,
94360,BRY SUR MARNE,FR,
0,INCONNUE,FR,
95450,VIGNY,FR,
77090,COLLEGIEN,FR,
0,INCONNUE,FR,
91390,MORSANG S/ORGE,FR,
0,INCONNUE,FR,
0,INCONNUE,FR,
92190,MEUDON,FR,
0,INCONNUE,FR,
0,INCONNUE,FR,
75002,Paris,FR,
0,INCONNUE,FR,
0,Choix,FR,
59780,WILLEMS,FR,
90000,Belfort,FR,
95490,VAUREAL,FR,
95260,BEAUMONT SUR OISE,FR,
0,INCONNUE,FR,
0,NABEUL,TN,
95014,CERGY CEDEX,FR,
95800,CERGY ST CHRISTOPHE,FR,
75010,PARIS,FR,
77230,DAMMARTIN EN GOELE,FR,
75004,PARIS,FR,
95610,ERAGNY,FR,
92150,Suresnes,FR,
75014,PARIS,FR,
0,INCONNUE,FR,
92800,PUTEAUX,FR,
0,INCONNUE,FR,
27400,HEUDREVILLE / EURE,FR,
0,INCONNUE,FR,
92000,NANTERRE,FR,
0,Saint Laurent du Maroni,GF,
47300,VILLENEUVE SUR LOT,FR,
92400,Courbevoie,FR,
95650,PUISEUX PONTOISE,FR,
92600,ASNIERES-SUR-SEINE,FR,
93130,NOISY LE SEC,FR,
95000,CERGY,FR,
95000,CERGY,FR,
95480,PIERRELAYE,FR,
0,INCONNUE,FR,
78820,JUZIERES,FR,
13821,LA PENNE SUR HUVEAUNE,FR,
95800,CERGY LE HAUT,FR,
95011,CERGY,FR,
0,INCONNUE,FR,
93380,PIERREFITTE,FR,
94270,LE KREMLIN BIC�TRE,FR,
77120,COULOMMIERS,FR,
95300,PONTOISE,FR,
0,INCONNUE,FR,
97490,SAINTE CLOTILDE,FR,
95520,OSNY,FR,
95800,CERGY LE HAUT,FR,
57000,METZ,FR,
0,INCONNUE,FR,
78430,LOUVECIENNES,FR,
91740,PUSSAY,FR,
57540,PETITE ROSSELLE,FR,
95800,CERGY,FR,
75011,PARIS,FR,
0,INCONNUE,FR,
0,INCONNUE,FR,
0,INCONNUE,FR,
92700,COLOMBES,FR,
95000,CERGY,FR,
0,INCONNUE,FR,
0,INCONNUE,FR,
95620,PARMAIN,FR,
64320,OUSSE,FR,
45000,ORLEANS,FR,
64000,PAU,FR,
93160,NOISY LE GRAND,FR,
95450,COMMENY,FR,
29860,KERSAINT-PLABENNEC,FR,
0,INCONNUE,FR,
67140,ANDLAU,FR,
95220,HERBLAY,FR,
0,INCONNUE,FR,
33110,LE BOUSCAT,FR,
0,INCONNUE,FR,
91440,BURES SUR YVETTE,FR,
0,INCONNUE,FR,
94700,MAISONS ALFORT,FR,
95660,CHAMPAGNE SUR OISE,FR,
28350,SAINT LUBIN DES JONCHERETS,FR,
97200,FORT-DE-FRANCE,FR,
95000,CERGY,FR,
45130,HUISSEAU SUR MAUVES,FR,
0,INCONNUE,FR,
93110,ROSNY-SOUS-BOIS,FR,
92150,SURESNES,FR,
0,INCONNUE,FR,
0,INCONNUE,FR,
64000,PAU,FR,
92400,COURBEVOIE,FR,
0,INCONNUE,FR,
0,INCONNUE,FR,
40800,AIRE SUR ADOUR,FR,
95014,Cergy-Pontoise,FR,
0,INCONNUE,FR,
0,INCONNUE,FR,
33470,GUJAN MESTRAS,FR,
64110,JURANCON,FR,
95250,BEAUCHAMP,FR,
0,INCONNUE,FR,
0,INCONNUE,FR,
0,INCONNUE,FR,
92250,LA GARENNE COLOMBES,FR,
38000,GRENOBLE,FR,
92400,Courbevoie,FR,
65000,TARBES,FR,
93380,Pierrefitte-sur-Seine,FR,
95000,Cergy,FR,
0,Choix,FR,
0,INCONNUE,FR,
95000,CERGY,FR,
72200,la fl�che,FR,
95270,LUZARCHES,FR,
64140,LONS,FR,
64000,Pau,FR,
0,INCONNUE,FR,
0,INCONNUE,FR,
64000,Pau,FR,
0,INCONNUE,FR,
95180,MENUCOURT,FR,
41100,Villerable,FR,
75008,Paris,FR,
95000,CERGY,FR,
75008,PARIS,FR,
95000,Cergy,FR,
0,india,IN,
0,INCONNUE,FR,
31320,Aureville,FR,
38240,MEYLAN,FR,
78600,Le Mesnil Le Roi,FR,
0,INCONNUE,FR,
31700,BLAGNAC,FR,
95560,BAILLET EN FRANCE,FR,
92500,RUEIL MALMAISON,FR,
0,INCONNUE,FR,
0,INCONNUE,FR,
78590,NOISY-LE-ROI,FR,
78430,LOUVECIENNES,FR,
91000,EVRY,FR,
78700,CONFLANS STE HONORINE,FR,
92290,CH�TENAY-MALABRY,FR,
0,INCONNUE,FR,
0,95000,FR,
64230,LESCAR,FR,
0,INCONNUE,FR,
78570,ANDRESY,FR,
0,INCONNUE,FR,
64000,PAU,FR,
0,INCONNUE,FR,
75016,PARIS,FR,
92130,ISSY LES MOULINEAUX,FR,
17000,LA ROCHELLE,FR,
59171,HELESMES,FR,
95300,ENNERY,FR,
95014,CERGY,FR,
64110,GELOS,FR,
95800,COURDIMANCHE,FR,
95520,OSNY,FR,
29810,PLOUARZEL,FR,
92800,PUTEAUX,FR,
75018,PARIS,FR,
78170,LA CELLE ST CLOUD,FR,
91000,EVRY,FR,
95800,CERGY,FR,
95000,Libreville,FR,
95000,CERGY,FR,
93430,VILLETANEUSE,FR,
95220,HERBLAY,FR,
0,INCONNUE,FR,
95000,CERGY,FR,
75002,PARIS,FR,
91230,MONTGERON,FR,
78210,ST CYR L'ECOLE,FR,
95290,L'ISLE-ADAM,FR,
0,INCONNUE,FR,
0,INCONNUE,FR,
95800,CERGY,FR,
0,SAN MARTIN DE PORRES - LIMA,PE,
49300,CHOLET,FR,
0,INCONNUE,FR,
78370,PLAISIR,FR,
75006,PARIS,FR,
95430,AUVERS SUR OISE,FR,
0,Abidjan,CI,
45770,SARAN,FR,
64000,PAU,FR,
78500,SARTROUVILLE,FR,
94100,SAINT MAUR,FR,
31100,TOULOUSE,FR,
33130,B�gles,FR,
93320,ST LEU LA FORET,FR,
64140,LONS,FR,
95000,CERGY PONTOISE,FR,
0,INCONNUE,FR,
0,INCONNUE,FR,
94140,ALFORTVILLE,FR,
95490,VAUREAL,FR,
78100,ST GERMAIN EN LAYE,FR,
0,INCONNUE,FR,
75014,PARIS,FR,
77000,MELUN,FR,
95000,Cergy,FR,
0,INCONNUE,FR,
0,INCONNUE,FR,
92500,Rueil Malmaison,FR,
92300,LEVALLOIS,FR,
0,INCONNUE,FR,
95300,PONTOISE,FR,
78920,ECQUEVILLY,FR,
95660,CHAMPAGNE SUR OISE,FR,
92140,CLAMART,FR,
95580,ANDILLY,FR,
75020,PARIS,FR,
0,INCONNUE,FR,
95100,ARGENTEUIL,FR,
0,Tehran,IR,
0,INCONNUE,FR,
0,INCONNUE,FR,
0,INCONNUE,FR,
95000,CERGY,FR,
71220,SUIN,FR,
0,INCONNUE,FR,
95000,Cergy,FR,
0,INCONNUE,FR,
95800,CERGY,FR,
0,INCONNUE,FR,
64000,Pau,FR,
33160,SAINT MEDARD EN JALLES,FR,
94160,ST MANDE,FR,
94320,THIAIS,FR,
0,INCONNUE,FR,
95420,MAGNY EN VEXIN,FR,
75018,PARIS,FR,
75010,PARIS,FR,
0,INCONNUE,FR,
64000,PAU,FR,
95014,CERGY CEDEX,FR,
13800,ISTRES,FR,
0,INCONNUE,FR,
0,BUJUMBURA,BI,
75020,PARIS 20EME ARRONDISSEMENT,FR,
95200,SARCELLES,FR,
0,INCONNUE,FR,
75018,PARIS,FR,
95000,CERGY,FR,
95540,M�RY SUR OISE,FR,
95100,Argenteuil,FR,
6000,NICE,FR,
59600,MAUBEUGE,FR,
64160,SERRES MORLAAS,FR,
33170,MASSY,FR,
94000,CRETEIL,FR,
78550,HOUDAN,FR,
95000,CERGY,FR,
64000,PAU,FR,
0,SIDI BOU SAID,TN,
95800,CERGY ST CHRISTOPHE,FR,
64230,CAUBIOS-LOOS,FR,
78150,LE CHESNAY,FR,
95240,CORMEILLES EN PARISIS,FR,
64000,Pau,FR,
82100,CASTELSARRASIN,FR,
108,75017,FR,
95130,FRANCONVILLE,FR,
75014,PARIS,FR,
75010,PARIS 10EME ARRONDISSEMENT,FR,
97423,LE GUILLAUME SAINT-PAUL,FR,
75002,PARIS,FR,
95130,FRANCONVILLE,FR,
92120,MONTROUGE,FR,
64360,TARSACQ,FR,
65350,MARSEILLAN,FR,
0,INCONNUE,FR,
77140,NEMOURS,FR,
78170,LA CELLE ST CLOUD,FR,
0,INCONNUE,FR,
95000,CERGY,FR,
95300,PONTOISE,FR,
95300,Pontoise,FR,
64000,PAU,FR,
31770,COLOMIERS,FR,
64000,PAU,FR,
75017,PARIS,FR,
95320,Saint Leu La Foret,FR,
75017,PARIS 17EME ARRONDISSEMENT,FR,
77220,GRETZ ARMAINVILLIERS,FR,
0,INCONNUE,FR,
60730,ULLY SAINT GEORGES,FR,
95520,OSNY,FR,
0,INCONNUE,FR,
93130,NOISY LE SEC,FR,
95800,Cergy le haut,FR,
59380,STEENE,FR,
0,INCONNUE,FR,
0,INCONNUE,FR,
0,INCONNUE,FR,
0,INCONNUE,FR,
31000,TOULOUSE,FR,
0,INCONNUE,FR,
0,INCONNUE,FR,
95000,CERGY,FR,
0,INCONNUE,FR,
94440,Villecresnes,FR,
93600,AULNAY SOUS BOIS,FR,
92400,COURBEVOIE,FR,
78690,SAINT-REMY-L'HONORE,FR,
95300,Pontoise,FR,
64000,PAU,FR,
64000,PAU,FR,
0,INCONNUE,FR,
0,INCONNUE,FR,
0,INCONNUE,FR,
0,INCONNUE,FR,
95000,CERGY,FR,
78420,CARRIERES SUR SEINE,FR,
64110,JURANCON,FR,
60730,CAUVIGNY,FR,
78000,VERSAILLES,FR,
94120,FONTENAY SOUS BOIS,FR,
0,INCONNUE,FR,
93290,TREMBLAY EN FRANCE,FR,
75012,PARIS,FR,
0,INCONNUE,FR,
92400,Courbevoie,FR,
75020,PARIS,FR,
0,INCONNUE,FR,
0,INCONNUE,FR,
78960,VOISINS LE BRETONNEUX,FR,
67200,STRASBOURG,FR,
0,INCONNUE,FR,
0,INCONNUE,FR,
95390,St Prix,FR,
0,INCONNUE,FR,
0,INCONNUE,FR,
0,INCONNUE,FR,
92500,RUEIL MALMAISON,FR,
95520,OSNY,FR,
95000,CERGY,FR,
77600,BUSSY-SAINT-GEORGES,FR,
78200,MANTES LA JOLIE,FR,
0,INCONNUE,FR,
0,INCONNUE,FR,
95300,PONTOISE,FR,
0,INCONNUE,FR,
95100,ARGENTEUIL,FR,
33120,ARCACHON,FR,
95000,NEUVILLE SUR OISE,FR,
0,INCONNUE,FR,
95120,ERMONT,FR,
95300,PONTOISE,FR,
0,INCONNUE,FR,
95000,Cergy,FR,
95470,SAINT WITZ,FR,
0,INCONNUE,FR,
95230,SOISY SOUS MONTMORENCY,FR,
65200,BAGNERES DE BIGORRE,FR,
95000,CERGY,FR,
92230,GENNEVILLIERS,FR,
0,INCONNUE,FR,
95320,ST LEU LA FORET,FR,
95000,CERGY,FR,
95610,ERAGNY,FR,
95000,CERGY,FR,
95800,CERGY,FR,
75005,PARIS,FR,
95490,VAUREAL,FR,
78250,Meulan,FR,
64110,MAZERES LEZONS,FR,
0,INCONNUE,FR,
78700,CONFLANS STE HONORINE,FR,
64140,LONS,FR,
92800,PUTEAUX,FR,
74240,GAILLARD,FR,
95870,BEZONS,FR,
77100,NANTEUIL LES MEAUX,FR,
0,INCONNUE,FR,
64000,PAU,FR,
0,INCONNUE,FR,
95014,CERGY PONTOISE,FR,
78000,VERSAILLES,FR,
92700,COLOMBES,FR,
64230,MAZEROLLES,FR,
95000,CERGY,FR,
83000,TOULON,FR,
0,INCONNUE,FR,
94800,VILLEJUIF,FR,
78540,VERNOUILLET,FR,
95450,VIGNY,FR,
2200,SOISSONS,FR,
0,BAMAKO,ML,
0,INCONNUE,FR,
68390,SAUSHEIM,FR,
0,INCONNUE,FR,
92500,RUEIL MALMAISON,FR,
95000,CERGY,FR,
0,INCONNUE,FR,
0,INCONNUE,FR,
90000,BELFORT,FR,
0,INCONNUE,FR,
0,Astrakhan,RU,
95130,FRANCONVILLE,FR,
94140,ALFORTVILLE,FR,
78800,HOUILLES,FR,
0,INCONNUE,FR,
95800,COURDIMANCHE,FR,
0,INCONNUE,FR,
0,INCONNUE,FR,
64000,PAU,FR,
95430,BUTRY-SUR-OISE,FR,
95230,SOISY SOUS MONTMORENCY,FR,
75015,PARIS 15EME ARRONDISSEMENT,FR,
95000,CERGY,FR,
93500,PANTIN,FR,
75014,PARIS 14EME ARRONDISSEMENT,FR,
0,INCONNUE,FR,
0,INCONNUE,FR,
0,INCONNUE,FR,
76620,LE HAVRE,FR,
64140,BILLERE,FR,
0,INCONNUE,FR,
95014,CERGY,FR,
0,INCONNUE,FR,
64110,GELOS,FR,
95600,EAUBONNE,FR,
64000,PAU,FR,
0,INCONNUE,FR,
0,INCONNUE,FR,
78620,L'ETANG LA VILLE,FR,
64000,PAU,FR,
92200,NEUILLY-SUR-SEINE,FR,
0,INCONNUE,FR,
0,INCONNUE,FR,
0,INCONNUE,FR,
92000,NANTERRE,FR,
0,INCONNUE,FR,
60200,Compi�gne,FR,
35500,VITRE,FR,
0,INCONNUE,FR,
64320,IDRON,FR,
0,INCONNUE,FR,
78580,JUMEAUVILLE,FR,
0,INCONNUE,FR,
0,Choix,FR,
78600,MESNIL LE ROI,FR,
64110,LAROIN,FR,
0,INCONNUE,FR,
78711,MANTES LA VILLE,FR,
64000,PAU,FR,
95000,CERGY,FR,
95100,Argenteuil,FR,
95000,CERGY,FR,
0,INCONNUE,FR,
95590,NOINTEL,FR,
64000,PAU,FR,
92600,ASNIERES SUR SEINE,FR,
34070,MONTPELLIER,FR,
64000,PAU,FR,
95300,PONTOISE,FR,
56170,QUIBERON,FR,
95110,SANNOIS,FR,
28410,B�,FR,
95800,COURDIMANCHE,FR,
0,INCONNUE,FR,
95130,FRANCONVILLE,FR,
92150,SURESNES,FR,
78230,Le Pecq,FR,
44240,LA CHAPELLE SUR ERDRE,FR,
0,INCONNUE,FR,
0,INCONNUE,FR,
0,INCONNUE,FR,
0,INCONNUE,FR,
78320,LE MESNIL SAINT DENIS,FR,
93460,GOURNAY-SUR-MARNE,FR,
95300,PONTOISE,FR,
95800,CERGY,FR,
78240,CHAMBOURCY,FR,
21800,CHEVIGNY SAINT SAUVEUR,FR,
95300,PONTOISE,FR,
95000,CERGY,FR,
0,INCONNUE,FR,
27290,APPEVILLE ANNEBAULT,FR,
75017,PARIS 17EME ARRONDISSEMENT,FR,
95240,CORMEILLES EN PARISIS,FR,
91540,MENNECY,FR,
95800,CERGY,FR,
0,INCONNUE,FR,
31770,COLOMIERS,FR,
0,INCONNUE,FR,
95250,BEAUCHAMP,FR,
95300,PONTOISE,FR,
57100,THIONVILLE,FR,
64000,Pau,FR,
78500,SARTROUVILLE,FR,
93360,NEUILLY PLAISANCE,FR,
6800,CAGNES SUR MER,FR,
91490,MILLY-LA-FORET,FR,
64000,PAU,FR,
95000,Cergy,FR,
75020,PARIS,FR,
64000,PAU,FR,
95000,CERGY,FR,
0,INCONNUE,FR,
64110,UZOS,FR,
0,INCONNUE,FR,
78420,CARRIERES SUR SEINE,FR,
95014,CERGY PONTOISE CEDEX,FR,
95000,CERGY,FR,
27310,BOURG ACHARD,FR,
95280,JOUY LE MOUTIER,FR,
95000,NEUVILLE SUR OISE,FR,
78100,SAINT GERMAIN EN LAYE,FR,
29470,PLOUGASTEL DAOULAS,FR,
95000,CERGY,FR,
95800,Cergy,FR,
64000,PAU,FR,
92500,RUEIL MALMAISON,FR,
0,INCONNUE,FR,
95140,GARGES LES GONESSE,FR,
78420,CARRIERES SUR SEINE,FR,
64230,MOMAS,FR,
78600,MAISONS-LAFFITTE,FR,
0,INCONNUE,FR,
95000,CERGY,FR,
95000,CERGY,FR,
93190,LIVRY-GARGAN,FR,
75009,PARIS,FR,
92800,PUTEAUX,FR,
95100,ARGENTEUIL,FR,
95810,VALLANGOUJARD,FR,
78160,MARLY LE ROI,FR,
0,INCONNUE,FR,
0,INCONNUE,FR,
95000,Neuville sur oise,FR,
0,INCONNUE,FR,
91380,CHILLY MAZARIN,FR,
0,INCONNUE,FR,
94230,CACHAN,FR,
0,MONTREAL,CA,
95011,CERGY CEDEX,FR,
95014,CERGY CEDEX,FR,
78280,GUYANCOURT,FR,
95014,CERGY,FR,
64000,PAU,FR,
95000,CERGY,FR,
0,INCONNUE,FR,
59100,ROUBAIX,FR,
0,INCONNUE,FR,
67100,STRASBOURG,FR,
94120,Fontenay ss Bois,FR,
95300,PONTOISE,FR,
0,Zhangjiakou,CN,
95000,Cergy,FR,
0,INCONNUE,FR,
91590,LA FERTE-ALAIS,FR,
63700,BUXI�RES SOUS MONTAIGUT,FR,
95610,ERAGNY SUR OISE,FR,
95230,SOISY SOUS MONMORENCY,FR,
92800,PUTEAUX,FR,
0,INCONNUE,FR,
0,INCONNUE,FR,
0,INCONNUE,FR,
38000,GRENOBLE,FR,
95520,OSNY,FR,
75012,PARIS,FR,
95250,BEAUCHAMP,FR,
33000,BORDEAUX,FR,
0,INCONNUE,FR,
92500,RUEIL-MALMAISON,FR,
75015,PARIS,FR,
78780,MAURECOURT,FR,
6200,NICE,FR,
59710,M�rignies,FR,
95300,PONTOISE,FR,
95110,SANNOIS,FR,
95610,ERAGNY SUR OISE,FR,
92110,CLICHY,FR,
92380,GARCHES,FR,
93600,AULNAY SOUS BOIS,FR,
92120,Montrouge,FR,
78400,CHATOU,FR,
17780,MO�ZE,FR,
0,INCONNUE,FR,
95000,CERGY,FR,
78700,CONFLANS SAINTE HONORINE,FR,
94100,SAINT MAUR,FR,
95330,DOMONT,FR,
60175,VILLENEUVE-LES-SABLONS,FR,
75013,PARIS,FR,
92250,La Garenne Colombes,FR,
0,WENSHANG,CN,
92110,CLICHY,FR,
92300,LEVALLOIS PERRET,FR,
95800,COURDIMANCHE,FR,
0,INCONNUE,FR,
95640,MARINES,FR,
0,INCONNUE,FR,
78480,VERNEUIL SUR SEINE,FR,
0,INCONNUE,FR,
0,INCONNUE,FR,
75015,PARIS,FR,
95300,FRANCONVILLE,FR,
0,INCONNUE,FR,
31600,MURET,FR,
0,INCONNUE,FR,
93300,AUBERVILLIERS,FR,
64000,Pau,FR,
0,CHOIX,FR,
95540,MERY SUR OISE,FR,
64160,MORLAAS,FR,
75005,PARIS,FR,
95000,CERGY,FR,
33000,BORDEAUX,FR,
75014,PARIS,FR,
95000,CERGY,FR,
95640,MARINES,FR,
0,INCONNUE,FR,
78100,ST GERMAIN EN LAYE,FR,
84110,SABLET,FR,
2,31200,FR,
0,INCONNUE,FR,
0,INCONNUE,FR,
94210,LA VIENNE,FR,
97440,SAINT-ANDRE,FR,
64000,PAU,FR,
95000,CERGY,FR,
95014,CERGY,FR,
95800,CERGY,FR,
95450,AVERNES,FR,
18000,BOURGES,FR,
95700,ROISSY EN FRANCE,FR,
0,INCONNUE,FR,
95014,CERGY,FR,
0,INCONNUE,FR,
64230,LESCAR,FR,
93250,VILLEMOMBLE,FR,
95520,OSNY,FR,
0,INCONNUE,FR,
30320,SAINT GERVASY,FR,
95220,HERBLAY,FR,
95000,CERGY,FR,
92200,NEUILLY,FR,
95800,CERGY ST CHRISTOPHE,FR,
78670,VILLENNES SUR SEINE,FR,
75015,PARIS 15EME ARRONDISSEMENT,FR,
92310,SEVRES,FR,
95000,CERGY,FR,
0,INCONNUE,FR,
93380,PIERREFITTE,FR,
0,INCONNUE,FR,
95800,CERGY,FR,
0,INCONNUE,FR,
95000,CERGY,FR,
0,SIMANCAS,ES,
75013,PARIS,FR,
92400,COURBEVOIE,FR,
64000,PAU,FR,
64140,BILLERE,FR,
78955,CARRIERES SOUS POISSY,FR,
95000,CERGY,FR,
64110,UZOS,FR,
95800,COURDIMANCHE,FR,
31000,TOULOUSE,FR,
64000,Pau,FR,
64160,MAUCOR,FR,
0,INCONNUE,FR,
0,INCONNUE,FR,
60260,LAMORLAYE,FR,
95300,PONTOISE,FR,
0,INCONNUE,FR,
75017,PARIS,FR,
0,INCONNUE,FR,
92380,GARCHES,FR,
60230,Chambly,FR,
0,INCONNUE,FR,
95000,Cergy,FR,
0,INCONNUE,FR,
0,INCONNUE,FR,
0,INCONNUE,FR,
95000,CERGY,FR,
93300,Aubervilliers,FR,
78955,CARRIERES SOUS POISSY,FR,
64320,BIZANOS,FR,
95001,PORT CERGY,FR,
77400,THORIGNY SUR MARNE,FR,
95000,CERGY,FR,
64110,MAZ�RES-LEZONS,FR,
78580,Maule,FR,
78800,HOUILLES,FR,
95000,CERGY,FR,
22700,LOUANNEC,FR,
75006,CERGY,FR,
0,INCONNUE,FR,
95000,CERGY,FR,
95800,CERGY ST CHRISTOPHE,FR,
95000,NEUVILLE,FR,
92400,COURBEVOIE,FR,
75019,PARIS,FR,
78100,SAINT-GERMAIN-EN-LAYE,FR,
75015,PARIS,FR,
78700,CONFLANS SAINTE HONORINE,FR,
78370,PLAISIR,FR,
0,INCONNUE,FR,
95801,CERGY,FR,
0,INCONNUE,FR,
0,INCONNUE,FR,
95310,Saint-Ouen-l'Aum�ne,FR,
0,Chennai,IN,
0,INCONNUE,FR,
78540,VERNOUILLET,FR,
13090,AIX-EN-PROVENCE,FR,
95000,CERGY,FR,
85180,Le Ch�teau d'Olonne,FR,
0,INCONNUE,FR,
78420,Carri�res Sur Seine,FR,
0,INCONNUE,FR,
88000,EPINAL,FR,
0,INCONNUE,FR,
95000,CERGY,FR,
34970,LATTES,FR,
93500,PANTIN,FR,
95000,CERGY,FR,
75014,PARIS,FR,
64000,Pau,FR,
0,INCONNUE,FR,
0,INCONNUE,FR,
75008,PARIS,FR,
75011,PARIS,FR,
95801,CERGY,FR,
78700,CONFLANS STE HONORINE,FR,
78570,ANDRESY,FR,
95800,CERGY LE HAUT,FR,
28160,GOHORY,FR,
77140,NEMOURS,FR,
95510,VILLERS-EN-ARTHIES,FR,
95000,CERGY,FR,
0,INCONNUE,FR,
95320,SAINT LEU LA FORET,FR,
95000,NEUVILLE SUR OISE,FR,
0,INCONNUE,FR,
67400,Illkirch-Graffenstaden,FR,
78560,Le Port-Marly,FR,
78600,MAISONS LAFFITTE,FR,
13115,SAINT PAUL LEZ DURANCE,FR,
59600,Vieux Reng,FR,
0,INCONNUE,FR,
75015,PARIS,FR,
95870,BEZONS,FR,
95000,NEUVILLE SUR OISE,FR,
95000,NEUVILLE,FR,
0,LIU PANSHUI,CN,
64000,Pau,FR,
40800,AIRE SUR L'ADOUR,FR,
95220,HERBLAY,FR,
59770,MARLY,FR,
95430,AUVERS SUR OISE,FR,
93500,PANTIN,FR,
90000,BELFORT,FR,
75016,PARIS,FR,
95000,CERGY,FR,
0,INCONNUE,FR,
0,92110,FR,
31700,CORNEBARRIEU,FR,
78600,Conflans,FR,
0,INCONNUE,FR,
8140,Pouru-saint-r�my,FR,
95000,CERGY,FR,
64000,PAU,FR,
35170,BRUZ,FR,
78130,LES MUREAUX,FR,
95130,PLESSIS BOUCHARD,FR,
0,INCONNUE,FR,
95280,JOUY LE MOUTIER,FR,
95360,MONTMAGNY,FR,
0,INCONNUE,FR,
75012,PARIS,FR,
17690,ANGOULINS,FR,
92340,BOURG LA REINE,FR,
64110,GELOS,FR,
10450,BREVIANDES,FR,
0,INCONNUE,FR,
64000,PAU,FR,
0,INCONNUE,FR,
95800,CERGY,FR,
64000,PAU,FR,
95520,OSNY,FR,
95000,CERGY,FR,
78580,MAULE,FR,
64000,PAU,FR,
47510,FOULAYRONNES,FR,
92290,Chatenay-Malabry,FR,
92800,PUTEAUX,FR,
64110,Saint Faust,FR,
92600,asni�res sur seine,FR,
95801,CERGY ST CHRISTOPHE,FR,
64000,Pau,FR,
0,INCONNUE,FR,
95130,LE PLESSIS BOUCHARD,FR,
64110,JURANCON,FR,
0,INCONNUE,FR,
95000,NEUVILLE SUR OISE,FR,
0,INCONNUE,FR,
95560,CHAUVRY,FR,
64000,PAU,FR,
38121,CHONAS L AMBALLAN,FR,
92100,BOULOGNE,FR,
95800,CERGY ST CHRISTOPHE,FR,
95800,COURDIMANCHE,FR,
78130,Les Mureaux,FR,
95000,CERGY,FR,
95000,CERGY,FR,
0,INCONNUE,FR,
93600,AULNAY SOUS BOIS,FR,
0,INCONNUE,FR,
64140,LONS,FR,
0,Frankfurt am Main,DE,
85150,SAINT MATHURIN,FR,
95490,VAUR�AL,FR,
0,INCONNUE,FR,
95000,CERGY,FR,
75016,PARIS 16EME ARRONDISSEMENT,FR,
0,INCONNUE,FR,
95000,CERGY,FR,
94400,VITRY SUR SEINE,FR,
95272,VIARMES,FR,
78800,HOUILLES,FR,
95000,CERGY,FR,
0,INCONNUE,FR,
64000,PAU,FR,
95800,CERGY,FR,
64450,GARLEDE MONDEBAT,FR,
95000,Cergy st Christophe,FR,
0,INCONNUE,FR,
93210,LA PLAINE ST DENIS,FR,
0,INCONNUE,FR,
78126,AULNAY SUR MAULDRE,FR,
77410,CLAYE-SOUILLY,FR,
64160,OUILLON,FR,
64000,PAU,FR,
0,INCONNUE,FR,
0,INCONNUE,FR,
0,INCONNUE,FR,
84110,VAISON-LA-ROMAINE,FR,
0,INCONNUE,FR,
78150,LE CHESNAY,FR,
77700,SERRIS,FR,
94160,ST MANDE,FR,
0,INCONNUE,FR,
6440,PEILLE,FR,
95000,CERGY,FR,
0,INCONNUE,FR,
92140,CLAMART,FR,
92160,ANTONY,FR,
0,INCONNUE,FR,
93700,DRANCY,FR,
78260,ACHERES,FR,
0,tunis,TN,
0,INCONNUE,FR,
92700,COLOMBES,FR,
0,INCONNUE,FR,
78440,GARGENVILLE,FR,
94700,MAISONS ALFORT,FR,
0,INCONNUE,FR,
0,INCONNUE,FR,
93300,AUBERVILLIERS,FR,
78130,LES MUREAUX,FR,
95100,ARGENTEUIL,FR,
0,INCONNUE,FR,
77186,NOISIEL,FR,
0,INCONNUE,FR,
95000,CERGY,FR,
95000,CERGY,FR,
95160,MONTMORENCY,FR,
95000,CERGY,FR,
75017,Paris,FR,
0,INCONNUE,FR,
78920,Ecquevilly,FR,
51100,CERNAY-LES-REIMS,FR,
38330,SAINT ISMIER,FR,
0,INCONNUE,FR,
95520,OSNY,FR,
95800,CERGY,FR,
95320,ST LEU LA FORET,FR,
0,INCONNUE,FR,
0,INCONNUE,FR,
64000,PAU,FR,
95000,NEUVILLE SUR OISE,FR,
95290,L'ISLE ADAM,FR,
78740,VAUX SUR SEINE,FR,
0,INCONNUE,FR,
87400,SAINT-LEONARD-DE-NOBLAT,FR,
75014,Paris,FR,
78700,Conflans Sainte Honorine,FR,
0,INCONNUE,FR,
78160,MARLY LE ROI,FR,
0,INCONNUE,FR,
29000,QUIMPER,FR,
78360,MONTESSON,FR,
95300,PONTOISE,FR,
95370,MONTIGNY LES CORMEILLES,FR,
93130,NOISY LE SEC,FR,
95000,CERGY,FR,
95000,CERGY,FR,
0,INCONNUE,FR,
0,INCONNUE,FR,
92160,antony,FR,
0,INCONNUE,FR,
95000,CERGY PONTOISE,FR,
95150,TAVERNY,FR,
0,INCONNUE,FR,
77127,LIEUSAINT,FR,
95000,CERGY,FR,
93200,ST DENIS,FR,
0,INCONNUE,FR,
95000,CERGY,FR,
95130,FRANCONVILLE,FR,
0,INCONNUE,FR,
95800,Cergy,FR,
94300,Vincennes,FR,
0,Tehran,IR,
77124,CREGY LES MEAUX,FR,
64000,Pau,FR,
75116,PARIS,FR,
0,INCONNUE,FR,
76000,ROUEN,FR,
95014,CERGY,FR,
95800,CERGY LE HAUT,FR,
95000,CERGY PONTOISE,FR,
13008,MARSEILLE,FR,
95290,L'ISLE-ADAM,FR,
95150,TAVERNY,FR,
95300,PONTOISE,FR,
0,INCONNUE,FR,
0,INCONNUE,FR,
64000,Pau,FR,
13100,AIX EN PROVENCE,FR,
95000,CERGY VILLAGE,FR,
78000,VERSAILLES,FR,
78870,BAILLY,FR,
94210,La Varenne Saint Hilaire,FR,
95000,CERGY,FR,
78420,CARRIERES-SUR-SEINE,FR,
75116,PARIS,FR,
0,INCONNUE,FR,
64000,PAU,FR,
78500,SARTROUVILLE,FR,
92350,LE PLESSIS ROBINSON,FR,
92250,LA GARENNE COLOMBES,FR,
95000,CERGY,FR,
75014,PARIS,FR,
75005,PARIS,FR,
75020,PARIS,FR,
95480,PIERRELAYE,FR,
75116,PARIS,FR,
0,INCONNUE,FR,
0,INCONNUE,FR,
0,INCONNUE,FR,
6100,NICE,FR,
64000,PAU,FR,
95014,CERGY CEDEX,FR,
0,INCONNUE,FR,
95300,PONTOISE,FR,
95300,PONTOISE,FR,
50120,EQUEURDREVILLE-HAINNEVILLE,FR,
95000,CERGY PONTOISE,FR,
95000,CERGY,FR,
0,Prague 10,CZ,
95000,NEUVILLE SUR OISE,FR,
95000,CERGY,FR,
95800,COURDIMANCHE,FR,
64000,PAU,FR,
92800,PUTEAUX,FR,
64000,Pau,FR,
94120,FONTENAY SOUS BOIS,FR,
95620,PARMAIN,FR,
78000,VERSAILLES,FR,
0,INCONNUE,FR,
64000,PAU,FR,
78600,Maisons-Laffitte,FR,
0,INCONNUE,FR,
0,INCONNUE,FR,
0,INCONNUE,FR,
0,INCONNUE,FR,
0,INCONNUE,FR,
95000,cergy,FR,
95800,CERGY ST CHRISTOPHE,FR,
0,INCONNUE,FR,
34980,SAINT-CLEMENT-DE-RIVIERE,FR,
59229,TETEGHEM,FR,
82000,Montauban,FR,
0,INCONNUE,FR,
0,INCONNUE,FR,
95000,CERGY,FR,
95000,NEUVILLE,FR,
95000,CERGY,FR,
95000,NEUVILLE,FR,
95000,CERGY,FR,
95600,EAUBONNE,FR,
95000,NEUVILLE,FR,
93140,BONDY,FR,
59182,LOFFRE,FR,
64000,PAU,FR,
92110,CLICHY,FR,
31620,Fronton,FR,
64000,PAU,FR,
95590,PRESLES,FR,
92350,LE PLESSIS ROBINSON,FR,
30900,N�MES,FR,
0,INCONNUE,FR,
0,INCONNUE,FR,
69230,SAINT GENIS LAVAL,FR,
92120,MONTROUGE,FR,
64450,NAVAILLES-ANGOS,FR,
75005,PARIS,FR,
64000,PAU,FR,
95000,CERGY,FR,
